风电场项目名称（中文）,装机容量(MW),电站类型,经度,纬度,省份
上海东海大桥海上风电扩建项目,45.5,海上固定式,121.9269,30.7768,上海
上海临港海上风电场一期,106,海上固定式,122.1146,30.9045,上海
上海临港海上风电场二期,101,海上固定式,121.8997,30.7779,上海
上海奉贤海上风电场,206,海上固定式,121.8196,30.7566,上海
上海奉贤海湾风电场扩容,15,海上固定式,121.8092,30.7841,上海
上海崇明东滩风电场,15,陆上风电,121.9433,31.5167,上海
上海崇明前卫风电场一期,20,陆上风电,121.605,31.7005,上海
上海崇明前卫风电场二期,40,陆上风电,121.5269,31.7373,上海
上海崇明北沿风电场,48,陆上风电,121.8827,31.58,上海
上海崇明长兴岛风电场,20,陆上风电,121.6928,31.4027,上海
上海崇明青草沙水库风电场一期,48,陆上风电,121.615,31.4426,上海
上海浦东新区临港新城风电场,14,陆上风电,121.8353,30.8662,上海
上海浦东新区老港风电场,20,陆上风电,121.9044,31.035,上海
上海浦东海风力发电浦东东海大桥海上风电项目一期102.2MW发电工程,102,海上固定式,121.9833,31.7667,上海
上海浦东海风力发电浦东东海大桥海上风电项目二期102.2MW发电工程,102,海上固定式,121.9269,30.7768,上海
上海金山海上风电场一期,306,海上固定式,121.436,30.571,上海
华港风力发电上海浦东老港风力项目二期48.0MW发电工程,48,陆上风电,121.9083,31.0232,上海
三峡新能源云南师宗发电曲靖程子山风电场42.0MW发电工程,42,陆上风电,103.8246,24.8632,云南
丘北县锦屏西风电场一期,350,陆上风电,104.1948,24.0402,云南
丘北县锦屏西风电场二期,530,陆上风电,104.1948,24.0402,云南
东川野牛风电场二期项目,48,陆上风电,103.3515,26.0804,云南
中广核云南曲靖宣威三尖山风电场,48,陆上风电,104.4654,26.3121,云南
中广核普洱澜沧甲俫波风电场48.0MW发电工程,48,陆上风电,100.0728,22.4701,云南
中广核玉溪通海五垴山风电场,48,陆上风电,102.7653,24.1127,云南
中水顾问楚雄姚安石楼梯风电场,44,陆上风电,101.3763,25.5239,云南
云南丘北县大龙山风电场,48,陆上风电,103.8543,24.0418,云南
云南丘北县大龙山风电场三期,48,陆上风电,103.8543,24.0418,云南
云南丘北县大龙山风电场二期,48,陆上风电,103.8543,24.0418,云南
云南丘北羊雄山风电场,50,陆上风电,103.8583,24.2501,云南
云南丘北老庄科风电场,48,陆上风电,103.8543,24.0418,云南
云南丘北赶马路风电场,50,陆上风电,103.8626,25.2638,云南
云南个旧莲花山风电项目,42,陆上风电,103.3716,23.3634,云南
云南丽江市七河风电场,50,陆上风电,100.1089,26.6639,云南
云南云龙白龙庙风电场,50,陆上风电,99.193,25.6326,云南
云南元谋雷应山风电场,50,陆上风电,101.9767,25.7399,云南
云南剑川甸南风电场,33,陆上风电,100.0218,26.4786,云南
云南剑川百山母风电场,50,陆上风电,100.0358,26.4437,云南
云南剑川金华风电场,50,陆上风电,99.9967,26.5331,云南
云南剑川雪邦山风电场,50,陆上风电,99.5583,26.3333,云南
云南勐海帕顶梁子风电场,50,陆上风电,100.1078,22.0294,云南
云南华宁县起则风电场,100,陆上风电,103.0397,24.4453,云南
云南华宁磨豆山风电场,48,陆上风电,102.8931,24.3143,云南
云南南华打挂山风电场,301,陆上风电,100.8917,25.1083,云南
云南大王岩风电项目二期（董干片区85MW）,85,陆上风电,104.785,23.181,云南
云南大理九龙坡风电场,50,陆上风电,100.4292,25.5367,云南
云南大理五子坡三期清水沟风电场,50,陆上风电,100.3292,25.3701,云南
云南大理五子坡二期骑马山风电场风电场,50,陆上风电,100.3404,25.4264,云南
云南大理五子坡风电场,50,陆上风电,100.3232,25.476,云南
云南大理剑川金公山风电场,50,陆上风电,99.5426,26.4044,云南
云南大理大风坝风电场,48,陆上风电,100.2546,25.5169,云南
云南大理巨龙山风电场,50,陆上风电,100.4236,25.645,云南
云南大理斗顶山风电场,50,陆上风电,100.4158,25.5942,云南
云南大理清水朗山风电场,50,陆上风电,99.5583,25.9667,云南
云南大理清水朗山风电场二期,40,陆上风电,99.5583,25.9667,云南
云南大理者磨山风电场一期,31,陆上风电,100.1744,25.548,云南
云南大理者磨山风电场二期,15,陆上风电,100.1571,25.5582,云南
云南姚安尖山梁子风电场,50,陆上风电,101.3146,25.5456,云南
云南姚安梅家山风电场,50,陆上风电,101.3146,25.5456,云南
云南宁蒗牦牛坪风电场,50,陆上风电,100.9362,27.2283,云南
云南富民大风丫口风电场,33,陆上风电,102.4833,25.1667,云南
云南富民百花山风电场,48,陆上风电,113.5501,22.1932,云南
云南富民马英山风电场,40,陆上风电,102.425,25.2083,云南
云南寻甸德著龙风电场一期,48,陆上风电,102.8425,25.8346,云南
云南寻甸德著龙风电场三期,48,陆上风电,113.5501,22.1932,云南
云南寻甸德著龙风电场二期,48,陆上风电,113.5501,22.1932,云南
云南寻甸联合风电场,50,陆上风电,113.5501,22.1932,云南
云南寻甸联合风电场二期,50,陆上风电,113.5501,22.1932,云南
云南巧家县三股水风电场,50,陆上风电,103.209,26.9148,云南
云南巧家县洗羊塘风电场,50,陆上风电,102.0001,25.0001,云南
云南巧家大赖石山风电场,50,陆上风电,103.1294,26.9464,云南
云南巧家大赖石山风电场二期,39,陆上风电,103.1564,26.9986,云南
云南巧家新厂沟风电场,50,陆上风电,102.0001,25.0001,云南
云南巧家海坝风电场风电场,36,陆上风电,102.0001,25.0001,云南
云南市元江县羊岔街风电场,164,陆上风电,101.7889,23.6051,云南
云南师宗县石梁山风电场,40,陆上风电,103.9182,24.9361,云南
云南建水县七棵树风电场,194,陆上风电,103.0675,23.7422,云南
云南开远大黑山风电场,48,陆上风电,103.5607,23.5688,云南
云南开远左美果风电场,40,陆上风电,103.5371,23.6047,云南
云南开远阿泽风电场,57,陆上风电,103.4604,23.6408,云南
云南开远鲁土白风电场,48,陆上风电,103.5836,23.6006,云南
云南开远鲁姑母风电场,48,陆上风电,103.525,23.6815,云南
云南弥勒吉丹山风电场,48,陆上风电,103.2335,24.1188,云南
云南弥勒对门山风电场,48,陆上风电,103.1985,24.0832,云南
云南弥勒石洞山风电场,50,陆上风电,103.234,24.0747,云南
云南弥勒茨柯山风电场,48,陆上风电,103.1886,24.1406,云南
云南新平县哈科迪梁子风电场,50,陆上风电,101.825,24.1667,云南
云南施甸四大山风电场,48,陆上风电,99.2698,25.6093,云南
云南曲靖陆良大莫古风电场,50,陆上风电,103.6426,24.8892,云南
云南曲靖陆良马塘风电场,50,陆上风电,103.7753,24.9429,云南
云南曲靖陆良龙潭风电场,50,陆上风电,103.8073,24.9343,云南
云南曲靖麒麟区朗目山风电场,50,陆上风电,103.8894,25.4502,云南
云南永善大坪子风电场,50,陆上风电,102.0001,25.0001,云南
云南泸西东华风电场,32,陆上风电,103.8083,24.475,云南
云南泸西县泸西东山风电场,40,陆上风电,103.8667,24.5417,云南
云南泸西李子箐四期大坡顶风电场,50,陆上风电,103.764,24.535,云南
云南泸西李子箐风电场,50,陆上风电,103.8418,24.5171,云南
云南泸西永三风电场,48,陆上风电,103.8583,24.401,云南
云南洱源丰乐风电场,49,陆上风电,99.8514,26.0864,云南
云南洱源凤华山风电场,50,陆上风电,99.9499,26.1145,云南
云南洱源大龙潭风电场,50,陆上风电,100.1025,26.0867,云南
云南洱源干海子风电场,40,陆上风电,100.1017,26.1572,云南
云南洱源恩兆山风电场,50,陆上风电,99.9499,26.1145,云南
云南洱源罗平山风电场一期,49,陆上风电,99.8667,26.0167,云南
云南洱源观音山风电场,39,陆上风电,100.145,26.0632,云南
云南洱源马鞍山风电场,50,陆上风电,100.1083,26.1033,云南
云南洱源骑龙山风电场,49,陆上风电,99.875,25.9917,云南
云南洱源黄草坡风电场,50,陆上风电,100.1133,26.1711,云南
云南涧水塘梁子风电场项目,50,陆上风电,101.3283,25.6152,云南
云南牟定凤屯风电场,50,陆上风电,101.4222,25.2957,云南
云南牟定大尖峰风电场,50,陆上风电,101.5198,25.2021,云南
云南牟定安乐风电场,152,陆上风电,101.6974,25.555,云南
云南省楚雄州大中山风电场工程项目,40,陆上风电,101.3775,25.5856,云南
云南省楚雄州姚安县小箐山风电场,46,陆上风电,101.2626,25.6093,云南
云南省楚雄州老尖山（原木瓜山）风电场工程项目,48,陆上风电,101.4382,25.5632,云南
云南省泸西县小海子风电场项目,48,陆上风电,103.8667,24.4833,云南
云南石林支锅山风电场,50,陆上风电,103.6297,24.7632,云南
云南祥云县天峰山龙泉风电场,199,陆上风电,100.8639,25.4554,云南
云南祥云白鹤厂风电场,50,陆上风电,100.6764,25.5056,云南
云南祥云野猫山风电场,50,陆上风电,100.898,25.5916,云南
云南禄丰大荒山风电场,286,陆上风电,101.5414,25.0446,云南
云南禄丰市老青山风电场二期,50,陆上风电,102.3689,25.2689,云南
云南禄丰老青山一期,50,陆上风电,102.3424,25.3856,云南
云南蒙自朵古风电场,50,陆上风电,103.4501,23.4833,云南
云南陆良杨梅山一期资家风电场,50,陆上风电,103.8179,25.1199,云南
云南陆良杨梅山二期大路湾风电场,50,陆上风电,103.8442,25.0858,云南
云南鹤庆马厂风电场,50,陆上风电,100.1751,26.5624,云南
云南龙海古风电场,52,陆上风电,101.9625,25.9576,云南
云南龙源曲靖陆良仕官风电场42.0MW发电工程,42,陆上风电,103.7358,24.8877,云南
云龙漕涧梁子风电场,50,陆上风电,99.1017,25.5431,云南
会泽严峰山风电场,200,陆上风电,103.2579,26.4669,云南
会泽云能投新能源曲靖大海梁子风电场48.0MW发电工程,48,陆上风电,103.1301,26.2201,云南
会泽县头道坪风电场,48,陆上风电,103.2292,26.345,云南
会泽县待补风电场一期,188,陆上风电,103.3046,26.4222,云南
会泽县白泥井风电场项目,32,陆上风电,103.3204,25.9073,云南
会泽回龙梁子风电场,100,陆上风电,103.159,26.591,云南
凉风坳风电场,50,陆上风电,101.3362,25.7989,云南
华宁县将军山风电场,48,陆上风电,102.9204,24.196,云南
华能云南富源曲靖文笔山风电场40.0MW发电工程,40,陆上风电,104.3333,25.8083,云南
华能云南富源风电曲靖一把伞风电场48.0MW发电工程,48,陆上风电,104.3333,25.8083,云南
华能南华楚雄云台山风电场49.5MW发电工程,50,陆上风电,101.3122,25.3301,云南
华能南华瓦窑风电场,50,陆上风电,101.3316,25.2303,云南
华能巍山大理沙帽山风电场48.0MW发电工程,48,陆上风电,100.3879,25.2606,云南
华能昌宁风力保山松子山风电场49.5MW发电工程,50,陆上风电,99.6109,24.9599,云南
华能曲靖富源光梁子风电场,48,陆上风电,104.3724,25.9179,云南
华能洱源大理石蒲塘风电场49.5MW发电工程,50,陆上风电,100.101,26.2018,云南
协合新能源云南曲靖300MW风电项目,300,陆上风电,103.975,24.8501,云南
协合曲靖会泽仓房风电场,48,陆上风电,102.9621,26.3516,云南
卓干山风电场,36,陆上风电,102.6033,25.799,云南
国电云南新能源昆明寻甸清水海风电场49.5MW发电工程,50,陆上风电,102.9767,25.5649,云南
国电云南新能源楚雄元谋黑马井风电场项目49.5MW发电工程,50,陆上风电,101.9767,25.8225,云南
国电昆明富民龙马风电场,42,陆上风电,102.4952,25.2259,云南
国电电力云南昆明西山风摆山风电场,30,陆上风电,102.6715,25.0368,云南
国能元谋龙海古风电项目,52,陆上风电,101.8451,25.6881,云南
大唐昆明寻甸高本山风电场,49.5,陆上风电,103.244,25.582,云南
大唐普洱新能源墨江联珠风电场49.5MW发电工程,50,陆上风电,101.7103,23.555,云南
大唐玉溪新平向阳山风电场,49.5,陆上风电,101.9971,24.0751,云南
大理州扁担山风电场,48,陆上风电,100.4051,25.1982,云南
宁蒗县火木梁风电场,49.5,陆上风电,100.7613,27.3156,云南
安宁市孝母山风电场项目；云南华电安宁孝母山风电场166MW,166,陆上风电,102.2038,24.6183,云南
宜良县中营风电场,80,陆上风电,103.1346,24.9208,云南
宣威县西泽风电场,210,陆上风电,104.1073,26.2348,云南
富源北一期光梁子风电场,130,陆上风电,104.0978,25.6836,云南
富源北二期羊场风电场；宣威市富源北风电场二期项目,220,陆上风电,104.2699,25.961,云南
富源县胜境风电场,48,陆上风电,104.3333,25.8083,云南
富源西风电场一期(墨红片区),300,陆上风电,104.0978,25.6836,云南
富源西风电场三期(老红片区),400,陆上风电,104.0978,25.6836,云南
富源西风电场二期(冒天水片区),100,陆上风电,104.0978,25.6836,云南
寻甸海洋哨风电场,50,陆上风电,102.9544,25.5385,云南
开远市仙人洞坡风电场,350,陆上风电,103.1613,23.7878,云南
开远市剑角峰风电场,300,陆上风电,103.6168,23.7673,云南
弥勒西风电场,550,陆上风电,103.4019,24.1932,云南
文山州富宁县阿用风电场,200,陆上风电,105.8556,23.6522,云南
文山市平坝风电一期（平坝西片区）,104,陆上风电,103.938,23.4297,云南
文山市平坝风电三期（马关八寨片区）,100,陆上风电,103.9882,22.9867,云南
文山市平坝风电二期(平坝东片区),96,陆上风电,104.0478,23.241,云南
文笔山(锁奔多)风电场；昆明市西山区文笔山风电场（锁奔多风电场）,48,陆上风电,102.5294,25.0404,云南
施甸县风吹山风电场项目,77,陆上风电,99.2709,24.6809,云南
昆明寻甸县苏撒坡风电场,50,陆上风电,103.1589,25.7005,云南
昆明市寻甸县巨龙梁风电场,100,陆上风电,103.244,25.582,云南
昆明市寻甸县马桑井风电项目,50,陆上风电,103.1112,25.6872,云南
昭通市老路梁子风电场,66,陆上风电,103.5267,27.6034,云南
曲靖市大营盘风电场,48,陆上风电,103.9292,25.5846,云南
曲靖市株木山风电场,150,陆上风电,103.954,25.2011,云南
曲靖市沾益县大石山风电场,48,陆上风电,103.932,25.5445,云南
曲靖市麒麟区五台山风电场,40,陆上风电,103.9301,25.5556,云南
曲靖市麒麟区红石岩风电场,49.5,陆上风电,103.8136,25.3265,云南
曲靖马龙通泉风电场,350,陆上风电,103.578,25.4351,云南
楚雄州大姚县老西山100MW风电项目,100,陆上风电,101.3332,25.7244,云南
楚雄州姚安县三道箐风电场,48,陆上风电,101.3233,25.599,云南
楚雄州姚安县保顶山风电场,48,陆上风电,101.3699,25.5667,云南
武定三月山风电项目,48,陆上风电,102.0414,25.5728,云南
水电十四局大理聚能晴云山风电场49.5MW发电工程,50,陆上风电,100.3853,25.6599,云南
永宁风电场扩建项目（弥勒片区）,230,陆上风电,103.6273,24.2287,云南
永宁风电场扩建项目（泸西片区）,235,陆上风电,103.618,24.5654,云南
沾益区盘江风电场,180,陆上风电,103.837,25.7515,云南
泸西县云电投红河孔照普风电厂48.0MW发电工程,48,陆上风电,103.1119,24.211,云南
湘电中诺新能源红河石屏大牛风电场,48,陆上风电,102.442,23.4472,云南
湘电中诺红河石屏大冷山风电场,48,陆上风电,102.442,23.4472,云南
火特玉溪华宁大丫口风电场,40,陆上风电,102.9204,24.196,云南
玉溪市华宁火特风电场,100,陆上风电,102.9257,24.1905,云南
砚山黑巴风电场,38,陆上风电,104.3414,23.5984,云南
祥云县杨家房风电场,36,陆上风电,100.898,25.5916,云南
红河州个旧市猴子山风电场,200,陆上风电,103.1554,23.3633,云南
红河州永宁风电场,750,陆上风电,103.7701,24.5305,云南
红河石屏盛唐新能源尼白木克风电场49.5MW发电工程,50,陆上风电,102.3578,23.9894,云南
罗平西风电场一期阿岗片区,215,陆上风电,104.3119,24.8811,云南
罗平西风电场二期竹子山；罗平西风电场二期项目陆良(竹子山片区),212.8,陆上风电,103.6643,25.1773,云南
茅稗田风电场,40,陆上风电,101.4494,25.7275,云南
茅稗田风电场二期,100,陆上风电,101.467,25.7319,云南
通泉风电场扩建项目,131.3,陆上风电,103.578,25.4351,云南
野牛风电场,48,陆上风电,103.2917,26.0333,云南
金钟风电场一期,300,陆上风电,103.1623,26.4103,云南
金钟风电场二期,50.4,陆上风电,103.305,26.4173,云南
金铜盆风电场,38,陆上风电,102.4082,25.2851,云南
马龙县对门梁子风电场,90,陆上风电,103.4792,25.3425,云南
麻栗坡大王岩风电场(下金厂南部片区),50,陆上风电,104.785,23.181,云南
龙源石林昆明双龙箐风电场49.5MW发电工程,50,陆上风电,103.6258,24.7097,云南
万事通谯城区万通风电场项目,100,陆上风电,115.6653,33.6351,安徽
三峡新能源潘集区黑河风电项目,50,陆上风电,116.759,32.9848,安徽
三峡新能源舒城县庐镇风电场项目,21,陆上风电,116.8436,31.1276,安徽
三峡能源安徽蒙城5万千瓦风电项目,50,陆上风电,117.0001,32.0001,安徽
三峡能源安徽颍上黄坝50兆瓦风电项目,50,陆上风电,116.5061,32.6038,安徽
三峡能源阜阳南部风光储基地阜南300MW风电项目,300,陆上风电,115.615,32.658,安徽
三峡能源阜阳南部风光储基地（颍上）250MW风电项目,250,陆上风电,116.1113,32.6619,安徽
东至县香隅风电场项目,50,陆上风电,117.0893,30.0115,安徽
东至泥溪150MW风电项目,150,陆上风电,117.0208,29.989,安徽
中广核安徽东至昭潭50MW风电项目,50,陆上风电,116.833,29.6847,安徽
中广核定远县范岗乡捆绑分散式风电项目,16,陆上风电,117.7931,32.6321,安徽
休宁县马金岭50MW风电场项目,50,陆上风电,118.2793,29.4929,安徽
兴晨宿州永安风电场项目,50,陆上风电,117.1809,33.7925,安徽
利辛县泰达恒信风电场项目,50,陆上风电,115.9345,33.1554,安徽
利辛县锐风新能源汝集风电场项目,50,陆上风电,115.9697,33.2017,安徽
华润凤台县尚塘风电项目,200,陆上风电,116.4453,32.8978,安徽
华润凤阳县石门山风电场项目,31,陆上风电,117.885,32.8258,安徽
华润定远县范岗风电场项目,25,陆上风电,117.7341,32.6024,安徽
华润明光市东山风电场项目,50,陆上风电,118.1836,32.591,安徽
华润濉溪县孙疃风电场项目,50,陆上风电,116.7027,33.5936,安徽
华电福新安庆大观风电场项目,50,陆上风电,116.9128,30.5607,安徽
华电福新安徽新能源芜湖无为严桥风电场项目48.0MW发电工程,48,陆上风电,117.6622,31.3283,安徽
华电福新无为东山风电场项目,20,陆上风电,117.8008,31.4692,安徽
华电福新无为县石涧风电场项目,50,陆上风电,117.6667,31.325,安徽
华能濉溪县铁佛风电场,50,陆上风电,116.7013,33.5955,安徽
华能蒙城县板桥集风电场项目,51,陆上风电,116.6962,33.3274,安徽
华能蒙城县薛湖风电场项目,51,陆上风电,116.3306,33.3285,安徽
华能蒙城县许疃二期风电场项目,51,陆上风电,116.6958,33.4216,安徽
协合亳州谯东风电场项目,50,陆上风电,115.892,33.9,安徽
协合宿州埇桥夹沟风电场项目,48,陆上风电,117.0528,33.8832,安徽
协合肥西县莲花山风电场项目,26,陆上风电,116.8077,31.7221,安徽
协合萧县灵山风电场项目,48,陆上风电,116.8985,34.1788,安徽
协鑫凤台县港河风电场,49.8,陆上风电,116.4984,32.8725,安徽
吉电和县功桥风电场项目,50,陆上风电,118.1949,31.5718,安徽
吉电定远县界牌风电平价上网试点项目,48,陆上风电,117.8423,32.2427,安徽
吉电滁州南谯常山风电场项目,50,陆上风电,117.937,32.2372,安徽
和润涡阳牌坊风电场项目,60,陆上风电,116.1512,33.6873,安徽
国家电投怀远县常坟风电场,150,陆上风电,117.2599,33.0111,安徽
国家电投颍上绿动风电场项目,90,陆上风电,116.4018,32.6935,安徽
国电投红旗岭风电场,84,陆上风电,117.1884,30.0853,安徽
国电皖能太湖风电安庆太湖徐桥风电场46.0MW发电工程,46,陆上风电,116.4008,30.2623,安徽
国能埇桥永镇大营50兆瓦风电场项目,50,陆上风电,117.052,33.3611,安徽
国能灵璧浍沟风电场二期项目,100,陆上风电,117.5612,33.7569,安徽
国能灵璧浍沟风电场项目,70,陆上风电,117.5612,33.7569,安徽
夏尔特拉叶集区骄风风电场,100,陆上风电,115.9025,31.8542,安徽
大唐来安县张山风电场项目,48,陆上风电,118.5091,32.5723,安徽
大唐来安新能源滁州龙山风电场48.0MW发电工程,48,陆上风电,118.5764,32.5447,安徽
大唐淮南风电场工程项目,50,陆上风电,116.6162,32.7707,安徽
安徽东至木塔风电场,100,陆上风电,117.0001,32.0001,安徽
安徽五河县金大山风电场,50,陆上风电,117.0001,32.0001,安徽
安徽五河县饮马湖风电场,48,陆上风电,117.0001,32.0001,安徽
安徽全椒县石沛风电场,50,陆上风电,117.9576,32.1812,安徽
安徽全椒县西王风电场,50,陆上风电,118.1167,32.0501,安徽
安徽全椒龙王尖49.5MW风电,50,陆上风电,117.0001,32.0001,安徽
安徽凤阳曹店风电场,50,陆上风电,117.3512,32.7011,安徽
安徽利辛县中疃风电场,50,陆上风电,117.0001,32.0001,安徽
安徽南谯章广风电场,48,陆上风电,117.0001,32.0001,安徽
安徽吉电和县EPC风电场项目,50,陆上风电,117.0001,32.0001,安徽
安徽含山县梅山风电场,48,陆上风电,117.0001,32.0001,安徽
安徽固镇兴隆风电场,50,陆上风电,117.0001,32.0001,安徽
安徽固镇巨龙风电场,50,陆上风电,117.0001,32.0001,安徽
安徽天长高邮湖风电场,48,陆上风电,119.1325,32.7536,安徽
安徽定远大金山风电场,50,陆上风电,117.4794,32.6334,安徽
安徽宿州秦山风电场,33,陆上风电,117.1501,33.9917,安徽
安徽宿松新州渡风电场三期,100,陆上风电,117.0001,32.0001,安徽
安徽宿松百子洲风电场,50,陆上风电,117.0001,32.0001,安徽
安徽宿松西湖圩华港风电场,50,陆上风电,116.3831,29.9739,安徽
安徽寿县团山风电场,36,陆上风电,117.0001,32.0001,安徽
安徽岳西县牛草山风电场,50,陆上风电,117.0001,32.0001,安徽
安徽当涂县围屏风电场,45,陆上风电,118.5824,31.5921,安徽
安徽怀宁县石镜风电场项目,50,陆上风电,116.7833,30.5333,安徽
安徽怀宁龙池风电场,99,陆上风电,117.0001,32.0001,安徽
安徽无为万寨风电场,48,陆上风电,117.8428,31.4833,安徽
安徽明光大港风电场,50,陆上风电,118.3717,32.7042,安徽
安徽望江县香茗山风电场,48,陆上风电,117.0001,32.0001,安徽
安徽来安东寺港风电场,50,陆上风电,118.4982,32.7069,安徽
安徽来安县半塔风电场,50,陆上风电,117.0001,32.0001,安徽
安徽来安县舜山风电场,50,陆上风电,117.0001,32.0001,安徽
安徽来安宝山风电场,50,陆上风电,118.4318,32.674,安徽
安徽来安龙卧寺风电场,50,陆上风电,118.4963,32.6956,安徽
安徽来安龙头港风电场,50,陆上风电,118.4985,32.4675,安徽
安徽桐城市黄甲风电场,50,陆上风电,116.9604,31.3256,安徽
安徽濉溪北部风电场,26,陆上风电,116.7772,33.617,安徽
安徽濉溪南坪风电场,80,陆上风电,116.8714,33.4941,安徽
安徽濉溪县南沱河风电场,48,陆上风电,117.0001,32.0001,安徽
安徽灵璧县朝阳风电场,37,陆上风电,117.0001,32.0001,安徽
安徽灵璧平原风电场,50,陆上风电,117.6387,33.6384,安徽
安徽省宿松县九成农场风电项目,100,陆上风电,116.5459,30.079,安徽
安徽石台县小河风电场,25,陆上风电,117.0001,32.0001,安徽
安徽萧县官山风电场,48,陆上风电,118.4993,32.5747,安徽
安徽蒙城县坛城风电场,100,陆上风电,117.0001,32.0001,安徽
安徽蒙城县陈桥风电场,50,陆上风电,117.0001,32.0001,安徽
安徽蒙城小涧风电场一期,50,陆上风电,117.0001,32.0001,安徽
安徽蒙城小涧风电场二期,100,陆上风电,117.0001,32.0001,安徽
安徽蒙城许疃风电场一期,50,陆上风电,117.0001,32.0001,安徽
安徽金寨朝阳山风电场,50,陆上风电,117.0001,32.0001,安徽
安徽阜阳萁星颍泉区风电场EPC工程,99,陆上风电,115.7182,33.1399,安徽
宿州北控埇桥区聚融风电场项目,50,陆上风电,117.3281,33.7808,安徽
宿州协合埇桥符离风电场项目48.0MW发电工程,48,陆上风电,116.9829,33.8463,安徽
宿松县九成二期风电场项目,100,陆上风电,116.5459,30.079,安徽
巢湖槐林风电居巢远景巢湖观湖风电场项目49.5MW发电工程,50,陆上风电,117.6293,31.3964,安徽
巢湖观湖风电二期风电场49.5MW发电工程,50,陆上风电,117.6417,31.4251,安徽
康风涡阳县玉成风电场,100,陆上风电,116.1402,33.6763,安徽
康风涡阳县达成风电场,100,陆上风电,116.1402,33.6763,安徽
怀远县龙亢农场自发自用分散式风电项目,40,陆上风电,116.8444,33.1075,安徽
无为磊达水泥有限公司分散式风电项目,13.6,陆上风电,117.8948,31.3231,安徽
枞阳麻布山分散式风电项目,20,陆上风电,117.3555,30.7561,安徽
永康盛世谯城区亳永风电场,50,陆上风电,115.9033,33.6867,安徽
池州市乌沙镇分散式风电项目,20,陆上风电,117.3173,30.6384,安徽
涡阳县包河与武家河风电场,50,陆上风电,116.1855,33.5845,安徽
涡阳泽信涡阳县标里风电场项目,87.5,陆上风电,116.2243,33.703,安徽
滁州海发张浦郢分散式风电项目,20,陆上风电,118.3369,32.5767,安徽
滁州海发祝郢分散式风电项目,27.5,陆上风电,118.2961,32.5244,安徽
濉溪县临涣风电场,110,陆上风电,116.5592,33.6963,安徽
濉溪县鑫风风电场项目,50,陆上风电,116.8546,33.3628,安徽
灵璧县洁源灵北风电场项目,50,陆上风电,117.4814,34.0044,安徽
璧辉新能源灵璧县灵南50MW风电场项目,50,陆上风电,117.4089,33.5627,安徽
皖能新能源利辛纪王风电场,100,陆上风电,116.0367,33.3301,安徽
砀山县程庄朱楼风电场项目,50,陆上风电,116.5039,34.315,安徽
祥风涡阳县天成风电场项目,100,陆上风电,116.1944,33.4161,安徽
福能（仙游）风力莆田草山风电场36.0MW发电工程,34.5,陆上风电,118.6222,25.5217,安徽
绿金淮北濉溪县百善镇分散式风电项目,15,陆上风电,116.595,33.8021,安徽
聚合天长市杨村风电场项目,48,陆上风电,119.1487,32.745,安徽
航天闽箭新能源宁德霞浦闾峡风电场40.0MW发电工程,40,陆上风电,120.1014,26.6456,安徽
蓝奥能源烈山区分散式风电项目,15,陆上风电,116.7935,33.767,安徽
迅风定远东部50MW风电场项目,50,陆上风电,117.9332,32.6427,安徽
远景定远乘风风电场,150,陆上风电,117.2504,32.5472,安徽
道仁新能源涡阳县风电（一期）项目；涡阳县道仁新能源多能互补基地建设项目,403.2,陆上风电,116.3401,33.7478,安徽
金凤科技临泉县单桥风电场项目,150,陆上风电,115.2954,32.989,安徽
金色能源涡阳县涡北煤矿风电项目,13.2,陆上风电,116.2035,33.5489,安徽
龙源全椒滁州大山风电场项目48.3MW发电工程,48,陆上风电,118.0489,32.1357,安徽
龙源含山县昭关风电场项目,48,陆上风电,118.0357,31.7577,安徽
龙源定远滁州能仁寺风电场项目48.3MW发电工程,48,陆上风电,117.3544,32.6619,安徽
龙源宣城白马风电场项目,48,陆上风电,118.9103,31.1994,安徽
龙源宣城风力发电宣州南漪湖风电场项目49.5MW发电工程,50,陆上风电,118.8913,31.1872,安徽
龙源明光滁州鲁山风电场项目49.5MW发电工程,50,陆上风电,118.2422,32.7519,安徽
龙源来安县三湾风电项目,30,陆上风电,118.6432,32.2138,安徽
​国能大丰H5海上风电场；盐城国能大丰H5海上风电项目,206.4,海上固定式,121.375,33.5096,江苏
三峡大丰H10海上风电场,155,海上固定式,120.7683,33.212,江苏
三峡大丰H11海上风电场；三峡新能源江苏大丰H11海上风电场,300,海上固定式,120.7683,33.212,江苏
三峡大丰H8-2号海上风电场；江苏大丰300MW（H8-2）海上风电项目,300,海上固定式,121.5927,33.3225,江苏
三峡如东H10海上风电项目,400,海上固定式,121.8094,32.3452,江苏
三峡如东H6海上风电项目,400,海上固定式,121.8069,32.6639,江苏
上海电力大丰H3海上风电场；国家电投江苏大丰H3海上风电项目,302,海上固定式,121.0667,33.5083,江苏
东台四期（H2）300MW海上风电场,302,海上固定式,120.9298,32.8505,江苏
东台弶港农场风电场,86,陆上风电,120.7752,32.797,江苏
东方大唐灌南新沂河风电场(50MW)工程,50,陆上风电,119.3812,34.1574,江苏
中国水电南通如东潮间带示范风电场50MW扩建发电工程,100,海上固定式,120.9994,32.6038,江苏
中国长江三峡集团公司江苏响水近海风电场,202,海上固定式,120.0518,34.503,江苏
中广核如东海上风电项目,152,海上固定式,121.6917,32.3739,江苏
中广核射阳黄沙港47.9MW风力发电项目,48,陆上风电,120.3675,33.5674,江苏
中广核江苏如东H8海上风电项目,300,海上固定式,121.9333,32.7501,江苏
中电大丰风力发电二期（50MW）项目,50,陆上风电,120.7706,33.1816,江苏
中电投东海风力发电连云港马陵山风电场项目49.5MW发电工程,50,陆上风电,118.4085,34.4411,江苏
中电投徐州贾汪江庄80MW低风速风电场示范项目,74,陆上风电,117.4292,34.4661,江苏
中电投滨海新能源盐城淮海风电场48.0MW发电工程,48,陆上风电,120.1932,34.1256,江苏
中电投滨海新能源盐城滨淮风电场48.0MW发电工程,48,陆上风电,120.0828,34.2701,江苏
中电盐城大丰特许权风电场200MW发电工程,200,陆上风电,120.734,33.167,江苏
云杉如东H5海上风电场,300,海上固定式,121.7532,32.7361,江苏
亚洲新能源宝应县100MW风电场项目,100,陆上风电,119.2214,33.2745,江苏
华威启东H1海上风电场项目,252,海上固定式,122.0501,32.145,江苏
华威启东H2海上风电场项目,252,海上固定式,122.1828,32.0239,江苏
华尔锐启东H3海上风电场项目,300,海上固定式,121.8803,31.9601,江苏
华润南通如东东安二期风电场项目,16,陆上风电,121.2929,32.3081,江苏
华润新能源（盐城）44MW风力发电项目,44,陆上风电,120.1879,33.4046,江苏
华润淮安风电场,99,陆上风电,120.0001,33.0001,江苏
华润高邮临泽风电场,53,陆上风电,120.0001,33.0001,江苏
华能仪征风电场,59,陆上风电,119.012,32.4329,江苏
华能南京六合49.5MW风力发电项目,50,陆上风电,118.5896,32.5973,江苏
华能南通启东风电场一期91.5MW发电工程,92,陆上风电,121.8501,31.8333,江苏
华能南通启东风电场二期94MW发电工程,94,陆上风电,121.9094,31.7675,江苏
华能南通如东风电场48MW发电工程,48,陆上风电,120.0001,33.0001,江苏
华能大丰H13海上风电项目,302,海上固定式,120.7683,33.212,江苏
华能大丰扩建 100MW 海上风电项目,104,海上固定式,121.4717,33.1333,江苏
华能如东八仙角300MW海上风电场工程,302,海上固定式,121.2583,32.6583,江苏
华能徐州铜山风电场项目,50,陆上风电,117.275,34.4667,江苏
华能灌云海上风电项目,303,海上固定式,119.7402,34.525,江苏
华能盛东如东H3-2海上风电场工程,100,海上固定式,121.4032,32.8254,江苏
华能盛东如东H3海上风电场工程,400,海上固定式,121.4032,32.8254,江苏
协合徐州铜山风电场项目,48,陆上风电,117.267,34.4919,江苏
协鑫如东H1-2#海上风电场,200,海上固定式,121.5483,32.3967,江苏
协鑫如东H13海上风电项目,152,海上固定式,121.365,32.7333,江苏
协鑫如东H15海上风电场,200,海上固定式,121.5483,32.3967,江苏
南京高传机电宝应射阳湖镇风电场,100,陆上风电,119.6205,33.3076,江苏
响水长江风力发电盐城C1#12.5MW发电工程,12,海上固定式,120.0921,34.5429,江苏
响水黄海农场风电场三期,100,陆上风电,119.9443,34.2943,江苏
响水黄海农场风电场二期,101,陆上风电,119.9267,34.345,江苏
响水黄海农场风电场项目,50,陆上风电,119.9333,34.3342,江苏
嘉鑫淮阴风电场,90,陆上风电,118.9512,33.7285,江苏
国信如东H2海上风电场工程,350,海上固定式,121.6717,32.8226,江苏
国信淮安50MW风力发电项目,50,陆上风电,119.4227,33.6095,江苏
国信灌云100兆瓦陆上风电场,100,陆上风电,120.0001,33.0001,江苏
国华射阳(农牧公司)低风速风电场,50,陆上风电,120.0001,33.0001,江苏
国华射阳二期150MW 风电场,148,陆上风电,120.3592,33.8029,江苏
国华投资江苏东台200MW风电创新升级改造延役项目,200,陆上风电,120.9022,32.7719,江苏
国华睢宁低风速风电场项目,36,陆上风电,117.7208,34.1206,江苏
国家电投江苏滨海北H2#400MW海上风电项目,400,海上固定式,120.21,34.3618,江苏
国电投如东H4海上风电场,400,海上固定式,121.6009,32.6645,江苏
国电投如东H7海上风电场,400,海上固定式,121.849,32.8321,江苏
国电投滨海南区H3海上风电场,300,海上固定式,120.3333,34.3001,江苏
国网许继金湖县陈桥镇50MW风电场项目,50,陆上风电,119.0398,33.124,江苏
大唐大丰50MW风力发电项目,50,陆上风电,120.5501,33.434,江苏
大唐新能源射阳风电场,48,陆上风电,114.9973,31.3068,江苏
天润盐城大丰试验风电场,49,陆上风电,112.2167,33.3333,江苏
宝应广洋湖100兆瓦风电场,101,陆上风电,120.0001,33.0001,江苏
射阳智能风机样机试验风电场项目,49,陆上风电,120.14,33.7655,江苏
射阳海上南区H1#30 万千瓦风电场,302,海上固定式,121.1002,33.6602,江苏
射阳海上南区H5#风电场,400,海上固定式,121.2103,33.5901,江苏
巨石涟水一号风电场项目,45,陆上风电,119.2756,33.8516,江苏
巨石涟水三号风电场项目,100,陆上风电,119.2756,33.8516,江苏
巨石涟水二号风电场项目,90,陆上风电,119.2756,33.8516,江苏
广恒如东H14海上风电场项目,200,海上固定式,121.5183,32.8192,江苏
新天灌云图河风电场,66,陆上风电,120.0001,33.0001,江苏
新天盱眙洪泽风电场项目,66,陆上风电,118.3601,33.1362,江苏
新沂市合沟众鑫风力发电有限公司50MW风电项目,50,陆上风电,118.1485,34.4027,江苏
江苏东台200兆瓦海上风电项目 (江苏广恒),200,海上固定式,121.1359,32.9348,江苏
江苏东台三期（弶南）风电场 (国华),110,陆上风电,120.8773,32.6757,江苏
江苏东台三期（梁垛河）风电场 (国华),90,陆上风电,120.8558,32.8492,江苏
江苏东台二期扩建风电场 (国华),49,陆上风电,120.0001,33.0001,江苏
江苏东台二期风电场 (国华),200,陆上风电,120.9031,32.6597,江苏
江苏仪征大仪风电场,95,陆上风电,120.0001,33.0001,江苏
江苏仪征陈集风电场,50,陆上风电,120.0001,33.0001,江苏
江苏兴化沙沟低风速风电场,50,陆上风电,120.0001,33.0001,江苏
江苏启东东元风电场,100,陆上风电,121.7995,31.9375,江苏
江苏响水大有镇风电场,126,陆上风电,120.0001,33.0001,江苏
江苏响水陈家港风电场,55,陆上风电,120.0001,33.0001,江苏
江苏响水风电场 (三峡),201,陆上风电,119.7933,34.2464,江苏
江苏大丰一期港区风电场 (龙源),70,陆上风电,120.7725,33.2403,江苏
江苏大丰三期风电场 (龙源),200,陆上风电,120.5836,33.2901,江苏
江苏大丰二期风电场 (龙源),80,陆上风电,120.5836,33.2901,江苏
江苏大丰大中风电场,100,陆上风电,120.6833,33.1167,江苏
江苏大唐新能源金湖50兆瓦风力发电项目,50,陆上风电,119.2851,33.0656,江苏
江苏如东一期东凌风电场 (龙源),100,陆上风电,121.4357,32.2695,江苏
江苏如东东凌风电场 (华润),50,陆上风电,121.3667,32.3236,江苏
江苏如东东凌风电场 (国信),70,陆上风电,121.3713,32.3483,江苏
江苏如东东凌风电场二期 (国信),48,陆上风电,121.4036,32.3336,江苏
江苏如东东凌风电场二期扩建 (国信),32,陆上风电,121.1833,32.326,江苏
江苏如东凌洋风电场,50,陆上风电,121.0302,32.5967,江苏
江苏如东风电场 (江苏联能),100,陆上风电,121.0572,32.5458,江苏
江苏如东风电场三期 (龙源),150,陆上风电,121.2596,32.1372,江苏
江苏如东风电场二期 (龙源),100,陆上风电,121.1278,32.5323,江苏
江苏射阳新洋农场风电场,101,陆上风电,120.0001,33.0001,江苏
江苏射阳洋马风电场,48,陆上风电,120.3678,33.5861,江苏
江苏射阳特庸风电场,48,陆上风电,120.3065,33.508,江苏
江苏射阳盐阜银宝风电场,100,陆上风电,120.0001,33.0001,江苏
江苏射阳风电场 (中广核),200,陆上风电,120.4042,33.9408,江苏
江苏新沂阿湖风电场,90,陆上风电,120.0001,33.0001,江苏
江苏昌荣50兆瓦风电场,50,陆上风电,120.0989,32.9503,江苏
江苏江都小纪风电场,45,陆上风电,120.0001,33.0001,江苏
江苏油田金湖分散式风力发电项目,9,陆上风电,118.897,33.0286,江苏
江苏涟水唐集风电场,48,陆上风电,119.534,33.9212,江苏
江苏淮阴三树风电场,72.5,陆上风电,118.9512,33.7285,江苏
江苏滨海300MW海上风电项目,302,海上固定式,120.3287,34.2399,江苏
江苏滨海北区H1#海上风电场,100,海上固定式,120.3006,34.2406,江苏
江苏滨海头罾风电场一期,48,陆上风电,120.0001,33.0001,江苏
江苏滨海头罾风电场三期续建,42,陆上风电,120.0001,33.0001,江苏
江苏滨海头罾风电场二期,86,陆上风电,120.0001,33.0001,江苏
江苏滨海头罾风电场二期续建,58,陆上风电,120.0001,33.0001,江苏
江苏滨海振东风电场一期,50,陆上风电,120.2426,34.1421,江苏
江苏滨海振东风电场二期,16,陆上风电,120.2275,34.1372,江苏
江苏滨海期振东风电场三,51,陆上风电,120.0001,33.0001,江苏
江苏滨海风电场 (华电),121,陆上风电,120.1995,34.2086,江苏
江苏灌云沂北风电场,75,陆上风电,120.0001,33.0001,江苏
江苏灌云灌西风电场,100,陆上风电,120.0001,33.0001,江苏
江苏盐城射阳临海农场风电场一期,50,陆上风电,120.2667,33.7583,江苏
江苏盐城射阳临海农场风电场二期,100,陆上风电,120.2667,33.725,江苏
江苏盱眙低风速示范风电场一期,50,陆上风电,118.3319,32.885,江苏
江苏盱眙低风速示范风电场一期49.9MW发电工程,50,陆上风电,118.4315,32.8387,江苏
江苏盱眙低风速示范风电场三期,90,陆上风电,118.3544,32.9072,江苏
江苏盱眙（仇集）低风速示范项目（99.9MW）,100,陆上风电,118.3319,32.885,江苏
江苏竹根沙H1#海上风电场,200,海上固定式,120.9298,32.8505,江苏
江苏竹根沙（H2#）300MW 海上风电场项目,302,海上固定式,121.3079,32.9193,江苏
江苏蒋家沙（H2#）300MW海上风电场项目,302,海上固定式,121.1048,31.7732,江苏
江苏邳州燕子埠风电场,48,陆上风电,120.0001,33.0001,江苏
江苏金湖塔集风电场,100,陆上风电,119.1752,32.9021,江苏
江苏高邮汤周山电场,50,陆上风电,120.0001,33.0001,江苏
江苏高邮汤庄风电场,50,陆上风电,120.0001,33.0001,江苏
江苏高邮龙虬风电场,50,陆上风电,120.0001,33.0001,江苏
江都武坚协鑫风电EPC项目,50,陆上风电,119.7944,32.7606,江苏
泗洪协合风力发电宿迁协合风电场一期工程项目49.5MW发电工程,50,陆上风电,118.9833,33.6167,江苏
泗洪县高传天岗湖风电场项目,49.5,陆上风电,118.0053,33.2377,江苏
泗洪远景风电场项目,87,陆上风电,118.0419,33.3622,江苏
涟水六塘河公兴河风电场项目,44,陆上风电,119.2015,34.0154,江苏
淮安博里镇风电场,48,陆上风电,120.0001,33.0001,江苏
淮安天润新能华东公司金湖50兆瓦风力发电,50,陆上风电,119.1676,33.1214,江苏
淮安金北100MW风电场项目,100,陆上风电,118.9905,33.1152,江苏
淮阴刘老庄风电场,52,陆上风电,118.9512,33.7285,江苏
深能宝应射阳湖50兆瓦风力发电项目,50,陆上风电,119.6205,33.3076,江苏
深能江苏涟水风电场,48,陆上风电,119.4455,33.8833,江苏
深能江苏淮阴刘老庄风电场,50,陆上风电,118.9512,33.7285,江苏
深能高邮三垛30兆瓦分散式风电,30,陆上风电,119.6741,32.8297,江苏
深能高邮东部100MW风电场,100,陆上风电,120.0001,33.0001,江苏
深能高邮临泽风电场,38,陆上风电,120.0001,33.0001,江苏
深能高邮甘垛风电场,62,陆上风电,120.0001,33.0001,江苏
灌云四队102.5MW陆上风电场项目,102.5,陆上风电,119.5192,34.4308,江苏
灌云圩丰镇12MW分散式风电项目,12,陆上风电,121.4578,32.1109,江苏
灌云益风南滩陆上风电场项目,15,陆上风电,119.6193,34.448,江苏
灌云蒙能建50MW风电场工程,50,陆上风电,119.5575,34.4597,江苏
灌云鑫风临港陆上风电场项目,40,陆上风电,119.6775,34.4161,江苏
盱眙源宇古桑风电项目,50,陆上风电,118.5172,32.9612,江苏
睢宁和泰风力发电有限公司魏集镇风电项目,85,陆上风电,117.9621,34.018,江苏
苏州康盛风力发电相城区阳澄湖低风速风电示范项目49.5MW发电工程,50,陆上风电,120.7685,31.4999,江苏
蒋家沙(H1) 海上风电项目,300,海上固定式,121.1048,31.7732,江苏
蒋家沙(H1) 海上风电项目,50,海上固定式,121.1378,32.6845,江苏
融保达宝应西安丰60MW风电工程,60,陆上风电,119.489,33.3835,江苏
远景淮阴风电场项目,33,陆上风电,118.8606,33.7512,江苏
通如东潮间带风电场30MW发电工程,32,海上固定式,121.1948,32.5258,江苏
金湖县99.7MW向东风电场项目,99.7,陆上风电,118.9659,33.058,江苏
金湖县塔集镇60兆瓦风力发电项目,60,陆上风电,119.1708,32.9525,江苏
金湖海新60MW风电项目,60,陆上风电,119.2803,33.122,江苏
高邮协合风电场一期50MW发电项目,50,陆上风电,119.2678,32.7179,江苏
龙源南通如东潮间带示范风电场150MW发电工程,141,海上固定式,121.1888,32.5364,江苏
龙源南通如东潮间带示范风电场50MW扩建发电工程,54,海上固定式,121.1965,32.5513,江苏
龙源大丰H12海上风电项目；龙源江苏大丰H12海上风电项目,200,海上固定式,121.1333,33.3083,江苏
龙源大丰H4海上风电项目；龙源江苏大丰H4海上风电项目,303,海上固定式,121.2404,33.2358,江苏
龙源大丰H6海上风电项目；龙源江苏大丰H6海上风电项目,303,海上固定式,121.3783,33.4333,江苏
龙源大丰H7海上风电项目；龙源江苏大丰H7海上风电项目,200,海上固定式,120.7683,33.212,江苏
龙源射阳H2#30万千瓦海上风电场,302,海上固定式,121.162,33.5943,江苏
龙源江苏射阳海上南区H2-1#100MW 风电场,104,海上固定式,121.0833,33.5667,江苏
龙源盱眙穆店低风速风电场（50MW）项目,51,陆上风电,118.607,32.8522,江苏
龙源盱眙风力发电淮安低风速风电示范项目49.6MW发电工程,50,陆上风电,118.3147,32.8654,江苏
龙源连云港东海李埝风电场,48,陆上风电,118.5417,34.6833,江苏
龙源连云港东海李埝风电场二期项目,50,陆上风电,118.553,34.6316,江苏
龙源黄海如东海上风力发电南通C4#200MW发电工程,200,海上固定式,121.2938,32.5169,江苏
东阳东白山风电场,15,陆上风电,120.2329,29.4782,浙江
中广核(浙江宁海)风力发电宁波宁海一市风电场项目48.0MW发电工程,48,陆上风电,121.4292,29.2144,浙江
中广核三门龙母山风电项目,60,陆上风电,121.4864,29.0378,浙江
中广核嘉兴海宁尖山风电场项目40.0MW发电工程,40,陆上风电,120.8025,30.2994,浙江
中广核海宁尖山风电场扩建工程项目,10,陆上风电,120.8374,30.3289,浙江
华电长兴和平风力项目,70,陆上风电,119.901,30.8314,浙江
华电长兴弁山风电场,22,陆上风电,120.0324,30.9501,浙江
华能云和黄源风电场项目,34,陆上风电,119.3861,28.0156,浙江
国电奉化风力发电宁波牛角山风电场项目22.5MW发电工程,22,陆上风电,121.6744,29.6194,浙江
国电鄞州风力发电宁波白岩山风电场工程项目45.0MW发电工程,45,陆上风电,121.636,29.6257,浙江
天润湖州狮子山风电项目,38,陆上风电,119.8975,30.6878,浙江
平阳西湾风电项目,16,陆上风电,120.6178,27.6484,浙江
浙江东海德迦风力发电宁波象山檀头山风电场项目25.5MW发电工程,26,陆上风电,122.0418,29.1731,浙江
浙江中营风能宁波北仑福泉山风电场45.0MW发电工程,45,陆上风电,121.9411,29.8231,浙江
浙江丽水庆元百花岩风电场,250,陆上风电,119.072,27.6227,浙江
浙江仙居广度风电场,29,陆上风电,120.0001,29.0001,浙江
浙江台州1#海上风电场,300,海上固定式,121.8667,28.8667,浙江
浙江嘉兴1号海上风电场,300,海上固定式,121.4971,30.398,浙江
浙江嘉兴2号海上风电场,300,海上固定式,121.3358,30.5819,浙江
浙江大唐国际平湖风电场,28,陆上风电,121.2115,30.6608,浙江
浙江宁波宁海茶山风电场,50,陆上风电,121.6379,29.4003,浙江
浙江宁波穿山风电场,45,陆上风电,121.0788,29.8705,浙江
浙江宁波象山珠山风电场,45,陆上风电,121.9442,29.5808,浙江
浙江岱山4 #海上风电场 （ 一 期 ）,234,海上固定式,121.8917,30.4501,浙江
浙江嵊泗2#海上风电场,400,海上固定式,122.0884,30.619,浙江
浙江嵊泗5# 6#海上风电,281,海上固定式,122.0333,30.7167,浙江
浙江庆元双苗尖风电场,40,陆上风电,120.0001,29.0001,浙江
浙江普陀6号海上风电场,252,海上固定式,122.199,29.6505,浙江
浙江核象山涂茨海上风电场,300,海上固定式,121.9801,29.5461,浙江
浙江温岭东海塘风电场,40,陆上风电,121.6166,28.4106,浙江
浙江玉环海上风电场,301,海上固定式,121.2622,28.1311,浙江
浙江磐安仁川风电场一期,42,陆上风电,120.8001,28.5681,浙江
浙江磐安维新风电场一期,22,陆上风电,120.0001,29.0001,浙江
浙江磐安维新风电场二期,16,陆上风电,120.0001,29.0001,浙江
浙江舟山岑港风电场,45,陆上风电,121.9578,30.1715,浙江
浙江舟山衢山岛风电场,41,陆上风电,122.3878,30.4319,浙江
浙江舟山衢山岛风电场二期,10,陆上风电,120.0001,29.0001,浙江
浙江舟山金塘风电场,26,陆上风电,121.8831,29.9917,浙江
浙江舟山长白风电场,12,陆上风电,122.0425,30.1932,浙江
浙江苍南1号海上风电场,400,海上固定式,120.9167,27.3667,浙江
浙江苍南2号海上风电场,301,海上固定式,120.8153,27.2883,浙江
浙江苍南4号海上风电场,400,海上固定式,120.9667,27.275,浙江
浙江苍南霞关风电场,14,陆上风电,120.5249,27.1732,浙江
浙江象山1#海上风电场一期,254,海上固定式,122.0536,29.0229,浙江
浙江象山1#海上风电场二期,504,海上固定式,122.005,29.0379,浙江
浙江黄岩风电场 (UPC),42,陆上风电,120.0001,29.0001,浙江
浙能温州洞头风电场13.5MW发电工程,14,陆上风电,121.1094,27.8314,浙江
海盐中电工程嘉兴风电场项目一期40.0MW发电工程,40,陆上风电,121.0365,30.5772,浙江
玉环大麦屿风电场工程,50,陆上风电,121.1934,28.0781,浙江
磐安仁川风电场二期工程,24,陆上风电,120.4361,28.8432,浙江
磐安县廿四尖维新乡风电场二期工程,16,陆上风电,120.6639,28.9492,浙江
磐安县廿四尖背风电场工程,20,陆上风电,120.6561,28.9347,浙江
舟山市嵊泗东绿华风电场,20,陆上风电,122.6526,30.8211,浙江
象山花岙大佛山风力发电宁波高塘岛炮台山风电场项目18.0MW发电工程,18,陆上风电,121.806,29.1343,浙江
远景广德横山49.5MW风电场项目,50,陆上风电,119.3653,31.0511,浙江
龙源浙江苍南皇帝平风电场16MW发电工程,16,陆上风电,120.6356,27.375,浙江
三峡新能源利川天上坪风电场48.0MW发电工程,48,陆上风电,108.6017,30.2481,湖北
三峡新能源利川安家坝风电项目,48,陆上风电,108.6431,30.3222,湖北
三峡新能源通城黄龙山风电项目,50,陆上风电,113.9005,29.0333,湖北
中南电力天门蒋场99MW风储一体化工程项目,99,陆上风电,112.9445,30.6052,湖北
中广核利川元堡风电项目,50,陆上风电,109.0137,30.2341,湖北
中广核利川寒池风电项目,70,陆上风电,109.082,30.573,湖北
中广核大悟三里城风电项目,36,陆上风电,114.2552,31.7684,湖北
中广核大悟墨关风电项目,30,陆上风电,114.557,31.725,湖北
中广核大悟宣化风电场,100,陆上风电,114.4987,31.6909,湖北
中广核大悟敖家山风电项目,70,陆上风电,114.4236,31.4728,湖北
中广核大悟阳平大坡顶风电场工程项目,96,陆上风电,114.1956,31.4764,湖北
中广核广水余店风电项目,62,陆上风电,113.6992,31.7736,湖北
中广核广水寿山风电项目,36,陆上风电,113.6671,31.4578,湖北
中广核通山大幕山风电项目,58,陆上风电,114.6385,29.7751,湖北
中广核钟祥朝阳山风电场,40,陆上风电,112.309,31.4469,湖北
中广核阳新富池风电场工程项目,36,陆上风电,115.1083,29.825,湖北
中广核风力发电孝感大悟光头山风电场36.0MW发电工程,36,陆上风电,114.1211,31.8046,湖北
中广核风力发电孝感大悟江家山风电场48.0MW发电工程,48,陆上风电,114.1022,31.6792,湖北
中广核风力发电孝感大悟鲁家畈风电场22.0MW发电工程,22,陆上风电,114.1132,31.6409,湖北
中广核风力发电孝感擂鼓台风电场48.0MW发电工程,48,陆上风电,114.1047,31.7393,湖北
中广核风力发电孝感舒家山风电场22.0MW发电工程,22,陆上风电,114.273,31.7462,湖北
中电建咸安白云山风电场,100,陆上风电,114.5451,29.808,湖北
中电投风脉宜昌新能源夷陵百里荒风电场50.0MW发电工程,50,陆上风电,111.5171,30.9436,湖北
中电麻城纯阳山风电项目,80,陆上风电,115.125,31.5501,湖北
中节能五峰牛庄风电场二期,22.5,陆上风电,110.2852,30.1976,湖北
中节能湖北襄州 25 万千瓦风储一体化项目 （一期）工程项目,100,陆上风电,111.9716,32.3518,湖北
丰华广水武胜关风电项目,48,陆上风电,114.0799,31.6096,湖北
丰华曾都君子山风电场,100,陆上风电,113.3719,31.7126,湖北
丰华襄州朱集风储一体化风电场项目,50,陆上风电,112.4081,32.0889,湖北
丰华黄梅四面山风电场工程项目,48,陆上风电,116.1507,29.8671,湖北
丰华黄梅招云寨二期风电场,80,陆上风电,116.0159,29.7628,湖北
北京宣力监利下梓堤风电场,100,陆上风电,113.1544,29.5658,湖北
北京宣力监利黄家堤风电场,50,陆上风电,113.1778,29.5833,湖北
华润宜城喜山风电场四期工程项目,25,陆上风电,112.1158,32.0117,湖北
华润宜城板桥风电场二期工程项目,50,陆上风电,112.5071,32.8582,湖北
华润宜城红花堰一期风电30MW,30,陆上风电,112.1158,32.0117,湖北
华润广水竹园风电场项目,60,陆上风电,113.7185,31.9063,湖北
华润广水花山风电场工程项目,50,陆上风电,113.6897,31.9503,湖北
华润应城新能源基地二期130MW风电,130,陆上风电,113.364,30.899,湖北
华润应城龙湖风储一体化风电场一期,100,陆上风电,113.5866,31.0928,湖北
华润应城龙湖风储一体化风电场二期,200,陆上风电,113.4744,30.8561,湖北
华润当阳景山风电场工程,37.5,陆上风电,111.7017,30.7094,湖北
华润新能源随县孙家寨风电场49.5MW发电工程,50,陆上风电,113.5417,32.1833,湖北
华润新能源随州随县凤鸣风电场28.5MW发电工程,28,陆上风电,113.7167,32.075,湖北
华润新能源随州随县天河口风电场49.5MW发电工程,50,陆上风电,113.525,32.175,湖北
华润新能源随州随县紫金山风电场49.5MW发电工程,50,陆上风电,113.525,32.175,湖北
华润枣阳太平二期10MW风电项目,10,陆上风电,112.8704,32.3632,湖北
华润枣阳白鹤风电场,50,陆上风电,112.6965,32.8549,湖北
华润枣阳白鹭风电项目,20,陆上风电,112.6779,31.9189,湖北
华润沙洋马良风电场,50,陆上风电,112.5803,30.7029,湖北
华润沙洋马良风电场二期工程项目,50,陆上风电,112.5803,30.7029,湖北
华润湖北枣阳长岭42MW风电场,42,陆上风电,112.9472,32.2241,湖北
华润潜江张金200MW风电项目,200,陆上风电,112.5967,30.1923,湖北
华润潜江竹根滩100MW风电项目；华润潜江竹根滩50MW风电,50,陆上风电,112.8993,30.4902,湖北
华润电力京山永兴一期100MW,100,陆上风电,113.1019,31.0328,湖北
华润电力京山永兴二期50MW风电场,50,陆上风电,113.1019,31.0328,湖北
华润电力红安天明风电场150MW工程；华润电力红安天明风电项目,150,陆上风电,114.5338,31.4584,湖北
华润随县万和风电场项目,50,陆上风电,113.2847,32.2278,湖北
华润随县云峰风电场30MW工程项目,30,陆上风电,113.4215,32.1712,湖北
华润随县朝阳风电场二期工程,14,陆上风电,113.0809,32.1392,湖北
华润随县朝阳风电场项目,36,陆上风电,113.0809,32.1392,湖北
华润随县迎风风电场项目,42,陆上风电,113.344,32.0727,湖北
华润随县金罗山100兆瓦风电场项目,100,陆上风电,113.6813,32.1153,湖北
华润随县香湾风电场项目,72,陆上风电,113.6726,32.1928,湖北
华润随县龙泉风电场项目,42,陆上风电,113.2306,32.0595,湖北
华润风电宜城板桥风电项目49.8MW发电工程,50,陆上风电,112.5071,32.8582,湖北
华能随县界山风电场工程项目,48,陆上风电,112.775,31.6094,湖北
协合枣阳新市风电项目,47,陆上风电,113.0418,32.357,湖北
协合荆门圣境山风电项目,48,陆上风电,112.0922,31.1873,湖北
协合荆门栗溪风电项目,48,陆上风电,112.0734,31.2449,湖北
协合襄州襄北风储一体二期风电场平价上网项目,100,陆上风电,112.1283,32.2868,湖北
协合襄州襄北风储一体化风电场一期,100,陆上风电,112.1404,32.3095,湖北
协合风电荆门子陵铺风电场工程项目,48,陆上风电,112.1807,31.1301,湖北
国家电投宜昌云台荒风电场(长阳县),80,陆上风电,110.5818,30.7559,湖北
国家电投黄梅太白湖风电场一期,50,陆上风电,116.0159,29.7628,湖北
国电安陆赵棚风电场,50,陆上风电,113.8809,31.4099,湖北
国电广水乐城山风电场二期,21,陆上风电,114.0652,31.6488,湖北
国电投湖北宜昌百里荒二期40MW风电项目,40,陆上风电,111.5171,30.9436,湖北
国电长源广水乐城山风电项目,44,陆上风电,114.0801,31.6098,湖北
国电长源广水金山风电项目,50,陆上风电,113.8558,31.4594,湖北
大唐湖北宜城龙王山风电场,50,陆上风电,112.5406,31.7543,湖北
大唐黄梅孔垄50MW风储一体化发电项目,50,陆上风电,115.9182,29.8836,湖北
大唐龙感湖风电二期,47,陆上风电,115.9148,29.9221,湖北
天门天盛净潭风光互补风电场,100,陆上风电,113.4006,30.6554,湖北
天门天盛净潭风光互补风电项目(一期),100,陆上风电,113.4521,30.6622,湖北
天门天盛风电场二期,100,陆上风电,113.3931,30.657,湖北
天门申能风光储一体化项目250MW风电项目,200,陆上风电,113.1522,30.6358,湖北
天顺沙洋一期200MW风电项目,200,陆上风电,112.2226,30.7493,湖北
崇阳小岭分散式风电项目,30,陆上风电,113.8272,29.5754,湖北
应城东岗风电场,97,陆上风电,113.6263,30.8696,湖北
应城高投能源应城有名店风电场,80,陆上风电,113.4882,30.9804,湖北
水电顾问集团崇阳金塘风电项目,50,陆上风电,114.0807,29.2302,湖北
湖北五峰北风垭风电场,96,陆上风电,112.8806,31.1531,湖北
湖北五峰南岭风电场,100,陆上风电,112.8806,31.1531,湖北
湖北五峰牛庄风电场,120,陆上风电,112.8806,31.1531,湖北
湖北团风北坳风电场,55,陆上风电,112.8806,31.1531,湖北
湖北大悟五岳山风电场一期,50,陆上风电,114.3389,31.6892,湖北
湖北大悟五岳山风电场二期,48,陆上风电,114.3083,31.7383,湖北
湖北大悟仙居顶风电场,30,陆上风电,114.4295,31.5334,湖北
湖北孝昌界岭风电场,34,陆上风电,112.8806,31.1531,湖北
湖北宜城喜山二期风电,28,陆上风电,112.1158,32.0117,湖北
湖北宜城喜山风电场一期,100,陆上风电,112.1158,32.0117,湖北
湖北宜城红花堰二期风电场,10,陆上风电,112.1158,32.0117,湖北
湖北崇阳罗家山风电场,84,陆上风电,112.8806,31.1531,湖北
湖北广水中华山风电场,50,陆上风电,112.8806,31.1531,湖北
湖北广水中华山风电场,50,陆上风电,112.8806,31.1531,湖北
湖北广水京桥风电场,60,陆上风电,112.8806,31.1531,湖北
湖北广水龙门风电场,12,陆上风电,112.8806,31.1531,湖北
湖北恩施利川柏杨坝风电场,50,陆上风电,108.8922,30.5559,湖北
湖北恩施利川汪营风电场,48,陆上风电,108.6339,30.2965,湖北
湖北恩施利川齐岳山风电场,49,陆上风电,108.802,30.4717,湖北
湖北恩施利川齐岳山风电场二期,50,陆上风电,109.4746,30.2975,湖北
湖北恩施板桥风电场,51,陆上风电,109.4746,30.2975,湖北
湖北枣阳太平风电场,50,陆上风电,112.8704,32.3632,湖北
湖北枣阳平林风电场一期,30,陆上风电,112.1158,32.0117,湖北
湖北枣阳平林风电场二期,20,陆上风电,112.1158,32.0117,湖北
湖北武穴大金风电场,80,陆上风电,115.5971,30.0317,湖北
湖北潜江合煜风电场,50,陆上风电,114.3567,30.5202,湖北
湖北秭归云台荒风电项目(B标段),100,陆上风电,110.5863,30.8633,湖北
湖北能源利川中槽风电项目,34,陆上风电,108.7043,30.3933,湖北
湖北能源荆门象河一期风电项目,100,陆上风电,112.0674,31.3863,湖北
湖北能源荆门象河二期风电项目,72,陆上风电,112.0342,31.2613,湖北
湖北能源集团远安茅坪风电场,100,陆上风电,111.6333,31.0646,湖北
湖北能源集团鹤峰走马风电场,50,陆上风电,110.4228,29.819,湖北
湖北能源麻城蔡家寨风电项目,50,陆上风电,115.1842,31.4431,湖北
湖北能源黄石筠山风电项目,80,陆上风电,115.259,29.9657,湖北
湖北襄州峪山风电场一期,48,陆上风电,112.4231,31.8605,湖北
湖北襄州峪山风电场二期,89,陆上风电,112.1158,32.0117,湖北
湖北通山九宫山风电场,14,陆上风电,111.665,29.3922,湖北
湖北钟祥华山观风电场,22,陆上风电,112.8806,31.1531,湖北
湖北钟祥红花堰二期风电场,50,陆上风电,112.1158,32.0117,湖北
湖北钟祥胡家湾风电场,150,陆上风电,112.8806,31.1531,湖北
湖北随县二妹山风电场,50,陆上风电,113.7083,32.0839,湖北
湖北随县黑石垛风电场,50,陆上风电,113.6942,32.0508,湖北
湖北黄冈黄梅招云寨风电场,38,陆上风电,112.8806,31.1531,湖北
湖北龙感湖风电场工程项目,48,陆上风电,116.0544,29.8642,湖北
湖北龙源黄陂刘家山风电场,46.2,陆上风电,114.2116,31.2647,湖北
综电汉江宜城河东150MW风电项目,150,陆上风电,112.2512,31.7194,湖北
荆州天楚风电石首桃花山风电场49.5MW发电工程,50,陆上风电,112.6775,29.6142,湖北
运达风电崇阳东岳分散式风电场项目,20,陆上风电,114.1822,29.3304,湖北
远景天门胡市风电场工程项目,81.4,陆上风电,113.3734,30.799,湖北
金泉荆门风电项目,48,陆上风电,112.1426,31.0848,湖北
齐岳山风电利川双鹿风电场49.5MW发电工程,50,陆上风电,108.6172,30.2822,湖北
龙源保康黄连山风电项目,48,陆上风电,112.4684,31.8727,湖北
