序号,原名称,核实后名称,装机容量MW,省,市,区,详细地址,电场名称线索文本,电场名称线索参考地址,装机容量线索文本,装机容量线索参考地址,确信度,搜索状态
1,七河光伏电站,马关七河光伏发电项目,,云南省,文山州,马关县,,七河光伏发电项目,,,中,待核实
2,一颗桩光伏,南华独田箐光伏发电站,90,云南省,楚雄州,南华县,独田箐,独田箐光伏发电站,https://www.yn.gov.cn/ztgg/zxylcyfzqy/zdxmjsp/sgybxmpf/202203/t20220307_238004.html,90MW,https://www.yn.gov.cn/ztgg/zxylcyfzqy/zdxmjsp/sgybxmpf/202203/t20220307_238004.html,高,已完成
3,万德村光伏（新）,武定万德村光伏发电项目,150,云南省,楚雄州,武定县,万德镇,万德村光伏发电项目,,150MW,,高,已完成
4,团结光伏,云龙团结光伏发电项目,,云南省,大理州,云龙县,关坪乡新荣村,团结光伏电站,https://www.docin.com/p-4525561870.html,,https://www.docin.com/p-4525561870.html,高,已完成
5,石林光伏电站（一期）,石林太阳能大型并网光伏电站实验示范项目,166,云南省,昆明市,石林县,石林镇,石林太阳能大型并网光伏电站实验示范项目,https://finance.sina.com.cn/roll/20090819/10053020079.shtml,166MW,https://finance.sina.com.cn/roll/20090819/10053020079.shtml,高,已完成
6,石林光伏电站（二期）,石林太阳能大型并网光伏电站实验示范项目（二期）,,云南省,昆明市,石林县,石林镇,,与一期合并,,,,已完成
7,石屏光伏电场,石屏光伏扶贫电站,3.1,云南省,红河州,石屏县,多个乡镇,石屏县光伏扶贫电站,https://guangfu.bjx.com.cn/news/20191231/1032707.shtml,3.1MW,,https://guangfu.bjx.com.cn/news/20191231/1032707.shtml,高,已完成
8,元谋光伏,元谋天子山/班果光伏电站,20+50,云南省,楚雄州,元谋县,平田乡/元马镇,元谋天子山光伏电站,https://www.bidcenter.com.cn/newscontent-12916726-1.html,20MW+50MW（班果）,https://www.bidcenter.com.cn/newscontent-12916726-1.html,高,已完成
9,永仁光伏,永仁华电/观音岩光伏电站,40+100,云南省,楚雄州,永仁县,维的乡/莲池乡,永仁观音岩光伏电站,https://guangfu.bjx.com.cn/news/20210719/1164538.shtml,40MW+100MW+530MW,https://guangfu.bjx.com.cn/news/20210719/1164538.shtml,高,已完成
10,宾川光伏,宾川干塘子光伏电站,30,云南省,大理州,宾川县,力角镇,宾川干塘子光伏电站,http://pvyuan.com/gf_price_details?id=413,30MW,http://pvyuan.com/gf_price_details?id=413,高,已完成
11,宾川光伏（新）,宾川老鹰岩光伏电站,200,云南省,大理州,宾川县,大营镇,宾川老鹰岩光伏电站,http://yn.news.cn/hot/2021-11/25/c_1310331845.htm,200MW,http://yn.news.cn/hot/2021-11/25/c_1310331845.htm,高,已完成
12,宾川前所光伏,宾川前所农光互补光伏,80,云南省,大理州,宾川县,,宾川前所农光互补光伏电站,https://guangfu.bjx.com.cn/news/20231204/1347634.shtml,80MW,https://guangfu.bjx.com.cn/news/20231204/1347634.shtml,高,已完成
13,宾川龙口光伏,宾川龙口光伏电站,15,云南省,大理州,宾川县,宾居镇,宾川龙口光伏电站,https://www.sohu.com/a/699383553_120814185,15MW,https://www.sohu.com/a/699383553_120814185,高,已完成
14,宾川孔新庄光伏,宾川孔新庄光伏电站,100,云南省,大理州,宾川县,,宾川孔新庄光伏电站,https://guangfu.bjx.com.cn/news/20240418/1372366.shtml,100MW,https://guangfu.bjx.com.cn/news/20240418/1372366.shtml,高,已完成
15,宾川橘果厂光伏,宾川橘果厂光伏电站,50,云南省,大理州,宾川县,,宾川橘果厂光伏电站,https://guangfu.bjx.com.cn/news/20240418/1372366.shtml,50MW,https://guangfu.bjx.com.cn/news/20240418/1372366.shtml,高,已完成
16,宾川铁城坡光伏,宾川铁城坡光伏电站,,云南省,大理州,宾川县,,宾川铁城坡光伏电站,https://new.qq.com/rain/a/20250529A06PCO00,,,高,已完成
17,姚安光伏,姚安弥兴光伏发电站,130,云南省,楚雄州,姚安县,弥兴镇,姚安弥兴光伏电站,http://yn.yunnan.cn/system/2023/01/16/032429215.shtml,130MW,http://yn.yunnan.cn/system/2023/01/16/032429215.shtml,高,已完成
18,姚安光伏（新）,姚安马游光伏发电站,180,云南省,楚雄州,姚安县,弥兴镇/官屯镇,姚安马游光伏发电站,https://www.kesolar.com/headline/239088.html,180MW,https://www.kesolar.com/headline/239088.html,高,已完成
19,姚安吴海光伏,姚安吴海光伏发电站,20,云南省,楚雄州,姚安县,栋川镇,姚安吴海光伏发电站,http://www.sasac.gov.cn/n2588025/n2588124/c29563800/content.html,20MW,http://www.sasac.gov.cn/n2588025/n2588124/c29563800/content.html,高,已完成
20,大姚光伏,大姚52.3万千瓦光伏基地,523,云南省,楚雄州,大姚县,石羊镇/新街镇,大姚光伏基地,https://new.qq.com/rain/a/20240716A07BL700,523MW,https://new.qq.com/rain/a/20240716A07BL700,高,已完成
21,大姚博厚村光伏,大姚博厚村光伏电站,45,云南省,楚雄州,大姚县,三台乡,大姚博厚村光伏电站,https://www.sohu.com/a/895096075_121613636,45MW,https://www.sohu.com/a/895096075_121613636,高,已完成
22,大姚小黑箐光伏,大姚小黑箐光伏发电站,50,云南省,楚雄州,大姚县,,大姚小黑箐光伏发电站,https://www.sohu.com/a/746960325_120815119,50MW,https://www.sohu.com/a/746960325_120815119,高,已完成
23,大姚坛罐窑光伏,大姚坛罐窑光伏发电站,60,云南省,楚雄州,大姚县,金碧镇,大姚坛罐窑光伏发电站,https://www.sohu.com/a/746960325_120815119,60MW,https://www.sohu.com/a/746960325_120815119,高,已完成
24,大姚启兴光伏,大姚启兴光伏电站,60.91,云南省,楚雄州,大姚县,赵家店镇,大姚启兴光伏电站,https://new.qq.com/rain/a/20251220A02JUQ00,60.91MW,https://new.qq.com/rain/a/20251220A02JUQ00,高,已完成
25,南华陆家垭口光伏,南华陆家垭口光伏电站,15,云南省,楚雄州,南华县,一街乡/罗武庄乡,南华陆家垭口光伏电站,https://new.qq.com/rain/a/20260101A055WK00,15MW,https://new.qq.com/rain/a/20260101A055WK00,高,已完成
26,南华罗武庄光伏,南华罗武庄光伏发电站,240,云南省,楚雄州,南华县,罗武庄乡,南华罗武庄光伏发电站,https://solar.in-en.com/html/solar-2428290.shtml,240MW,https://solar.in-en.com/html/solar-2428290.shtml,高,已完成
27,南华独田箐光伏,南华独田箐光伏发电站,90,云南省,楚雄州,南华县,,南华独田箐光伏发电站,https://finance.sina.com.cn/jjxw/2024-07-05/doc-inccccrx7086614.shtml,90MW,https://finance.sina.com.cn/jjxw/2024-07-05/doc-inccccrx7086614.shtml,高,已完成
28,干海子光伏,宾川干海子光伏电站,20,云南省,大理州,宾川县,宾居镇,宾川干海子光伏电站,http://www.nea.gov.cn/2015-05/05/c_134211119.htm,20MW,http://www.nea.gov.cn/2015-05/05/c_134211119.htm,高,已完成
29,峨山行寨光伏,峨山行寨光伏发电站,25,云南省,玉溪市,峨山县,化念镇,峨山行寨光伏发电站,https://www.kesolar.com/s/%E5%B9%B6%E7%BD%91_818.html_7.html,25MW,https://www.kesolar.com/s/%E5%B9%B6%E7%BD%91_818.html_7.html,高,已完成
30,峨山昔古牙光伏,三峡峨山昔古牙光伏电站,300,云南省,玉溪市,峨山县,甸中镇,峨山昔古牙光伏电站,https://www.163.com/dy/article/IBBMV0MJ055633LF.html,300MW,https://www.163.com/dy/article/IBBMV0MJ055633LF.html,高,已完成
31,峨山白土光伏,峨山白土农光互补光伏电站,200,云南省,玉溪市,峨山县,甸中镇,峨山白土农光互补光伏电站,https://www.seetao.com/details/183542.html,200MW,https://www.seetao.com/details/183542.html,高,已完成
32,峨山他格莫光伏（二期）,峨山他格莫光伏电站二期,130,云南省,玉溪市,峨山县,甸中镇,他格莫光伏电站二期,https://www.seetao.com/details/183542.html,130MW,https://www.seetao.com/details/183542.html,高,已完成
33,易门马头村光伏,易门马头村光伏电站,230,云南省,玉溪市,易门县,十街乡/浦贝乡,易门马头村光伏电站,http://www.ym.gov.cn/ymxzfxxgk/zhxxfg/20231027/1483732.html,230MW,http://www.ym.gov.cn/ymxzfxxgk/zhxxfg/20231027/1483732.html,高,已完成
34,易门小禹石沙光伏,易门小禹石沙药光互补光伏电站,50,云南省,玉溪市,易门县,浦贝乡,易门小禹石沙药光互补光伏电站,https://guangfu.bjx.com.cn/news/20221115/1268873.shtml,约50MW,https://guangfu.bjx.com.cn/news/20221115/1268873.shtml,高,已完成
35,易门张半山光伏,易门张半山光伏电站,30,云南省,玉溪市,易门县,,易门张半山光伏电站,https://guangfu.bjx.com.cn/news/20221115/1268873.shtml,约30MW,https://guangfu.bjx.com.cn/news/20221115/1268873.shtml,高,已完成
36,易门朝阳光伏,易门朝阳28MW光伏电站,28,云南省,玉溪市,易门县,,易门朝阳28MW光伏电站,http://www.ipvei.com/earnings/projectView.action?piid=8ad680ad499db3c501499e1376b10006,28MW,http://www.ipvei.com/earnings/projectView.action?piid=8ad680ad499db3c501499e1376b10006,高,已完成
37,易门整县分布式光伏,易门整县屋顶分布式光伏,250,云南省,玉溪市,易门县,,易门整县分布式光伏,https://guangfu.bjx.com.cn/news/20240126/1358281.shtml,250MW,https://guangfu.bjx.com.cn/news/20240126/1358281.shtml,高,已完成
38,禄丰小松棵光伏,禄丰小松棵光伏电站,70,云南省,楚雄州,禄丰市,碧城镇,禄丰小松棵光伏电站,https://www.163.com/dy/article/JS3CV94K0525RTGM.html,70MW,https://www.163.com/dy/article/JS3CV94K0525RTGM.html,高,已完成
39,禄丰桃园光伏,禄丰桃园光伏电站,220,云南省,楚雄州,禄丰市,,禄丰桃园光伏电站,https://guangfu.bjx.com.cn/news/20230912/1331398.shtml,220MW,https://guangfu.bjx.com.cn/news/20230912/1331398.shtml,高,已完成
40,禄丰观音山光伏,禄丰观音山倒虹吸光伏电站,45,云南省,楚雄州,禄丰市,,禄丰观音山倒虹吸沿线光伏电站,https://new.qq.com/rain/a/20260102A04CXN00,45MW,https://new.qq.com/rain/a/20260102A04CXN00,高,已完成
41,禄丰绵羊龙光伏,禄丰绵羊龙光伏电站,100,云南省,楚雄州,禄丰市,,禄丰绵羊龙光伏电站,http://www.ynlf.gov.cn/info/3751/96551.htm,100MW,http://www.ynlf.gov.cn/info/3751/96551.htm,高,已完成
42,禄丰屋顶分布式一期,禄丰整县屋顶分布式光伏一期,22.35,云南省,楚雄州,禄丰市,仁兴/碧城/和平镇,禄丰整县屋顶分布式光伏一期,https://www.dlzb.com/d-g-199165.html,22.35MW,https://www.dlzb.com/d-g-199165.html,高,已完成
43,沾益德泽光伏,沾益德泽光伏发电站,120,云南省,曲靖市,沾益区,德泽乡,沾益德泽光伏发电站,https://m.bjx.com.cn/topics/guangfudianzhanbingwang/,120MW,https://m.bjx.com.cn/topics/guangfudianzhanbingwang/,高,已完成
44,沾益菱角光伏,沾益菱角光伏发电站,350,云南省,曲靖市,沾益区,菱角乡,沾益菱角光伏发电站,https://guangfu.bjx.com.cn/news/20240418/1372366.shtml,350MW,https://guangfu.bjx.com.cn/news/20240418/1372366.shtml,高,已完成
45,沾益谭家营光伏,沾益谭家营光伏发电站,450,云南省,曲靖市,沾益区,盘江镇谭家营村,沾益谭家营光伏发电站,http://www.yn.news.cn/20241214/ab49d5f8388b4245a0ebe82ce2755c0f/c.html,450MW,http://www.yn.news.cn/20241214/ab49d5f8388b4245a0ebe82ce2755c0f/c.html,高,已完成
46,沾益白水工业园分布式,沾益白水工业园分布式光伏,（分布式光伏）,云南省,曲靖市,沾益区,白水镇,沾益白水工业园分布式光伏,https://www.chinanews.com.cn/aseaninfo/2026/02-13/10571808.shtml,分布式,https://www.chinanews.com.cn/aseaninfo/2026/02-13/10571808.shtml,高,已完成
47,沾益零碳工业园BIPV,沾益零碳工业园BIPV光伏,5.66,云南省,曲靖市,沾益区,,沾益零碳工业园BIPV光伏,https://www.toutiao.com/w/1830819917148228/,5.66MW,https://www.toutiao.com/w/1830819917148228/,高,已完成
48,会泽轿子光伏,会泽轿子光伏发电站,50,云南省,曲靖市,会泽县,五星乡/金钟街道,会泽轿子光伏发电站,https://m.bjx.com.cn/topics/guangfufadianxiangmu/,50MW,https://m.bjx.com.cn/topics/guangfufadianxiangmu/,高,已完成
49,会泽披嘎光伏,会泽披嘎打厂箐光伏发电站,35,云南省,曲靖市,会泽县,五星乡/金钟街道,会泽披嘎打厂箐光伏发电站,https://finance.sina.com.cn/stock/hkstock/ggscyd/2024-12-03/doc-incyerft1575234.shtml,35MW,https://finance.sina.com.cn/stock/hkstock/ggscyd/2024-12-03/doc-incyerft1575234.shtml,高,已完成
50,会泽火红马路光伏,会泽火红马路光伏发电站,150,云南省,曲靖市,会泽县,火红乡,会泽火红马路光伏发电站,https://www.kesolar.com/headline_4746,150MW,https://www.kesolar.com/headline_4746,高,已完成
51,会泽长梁子光伏,会泽长梁子光伏发电站,125,云南省,曲靖市,会泽县,,会泽长梁子光伏发电站,https://www.sohu.com/a/860724444_703050,125MW,https://www.sohu.com/a/860724444_703050,高,已完成
52,安宁工业园光伏,安宁工业园屋顶分布式光伏,200,云南省,昆明市,安宁市,草铺街道,安宁工业园屋顶分布式光伏,https://guangfu.bjx.com.cn/news/20220329/1213658.shtml,200MW,https://guangfu.bjx.com.cn/news/20220329/1213658.shtml,高,已完成
53,安宁昆钢基地光伏,安宁昆钢基地厂房屋面光伏,5.4,云南省,昆明市,安宁市,,昆钢安宁基地厂房屋面光伏,http://www.csteelnews.com/xwzx/yjgg/202311/t20231114_81519.html,5.4MW,http://www.csteelnews.com/xwzx/yjgg/202311/t20231114_81519.html,高,已完成
54,宣威热水光伏,宣威热水光伏发电站,150,云南省,曲靖市,宣威市,热水镇,宣威热水光伏发电站,https://www.qj.gov.cn/html/2023/xqdt2_1130/263669.html,150MW,https://www.qj.gov.cn/html/2023/xqdt2_1130/263669.html,高,已完成
55,宣威贮灰场光伏,宣威西山贮灰场光伏发电站,50,云南省,曲靖市,宣威市,,宣威西山贮灰场光伏发电站,https://finance.sina.com.cn/enterprise/central/2022-09-01/doc-imiziraw0604233.shtml,50MW,https://finance.sina.com.cn/enterprise/central/2022-09-01/doc-imiziraw0604233.shtml,高,已完成
56,宣威海东光伏,宣威海东光伏发电站,150,云南省,曲靖市,宣威市,,宣威海东光伏发电站,https://www.toutiao.com/article/7428826545798316581/,150MW,https://www.toutiao.com/article/7428826545798316581/,高,已完成
57,宣威龙潭光伏,宣威龙潭光伏发电站,120,云南省,曲靖市,宣威市,,宣威龙潭光伏发电站,https://www.toutiao.com/article/7428826545798316581/,120MW,https://www.toutiao.com/article/7428826545798316581/,高,已完成
58,宣威歌乐秧草光伏,宣威歌乐秧草光伏发电站,135,云南省,曲靖市,宣威市,羊场镇,宣威歌乐秧草光伏发电站,http://www.xw.gov.cn/gov/pub/description/70666.html,135MW,http://www.xw.gov.cn/gov/pub/description/70666.html,高,已完成
59,宣威田坝米田光伏,宣威田坝米田光伏发电站,100,云南省,曲靖市,宣威市,,宣威田坝米田光伏发电站,https://www.163.com/dy/article/J9B6604H055620AY.html,100MW,https://www.163.com/dy/article/J9B6604H055620AY.html,高,已完成
60,宣威海岱光伏,宣威海岱光伏发电站,100,云南省,曲靖市,宣威市,,宣威海岱光伏发电站,https://www.163.com/dy/article/J9B6604H055620AY.html,100MW,https://www.163.com/dy/article/J9B6604H055620AY.html,高,已完成
61,富源光梁子光伏,富源光梁子光伏发电站,100,云南省,曲靖市,富源县,,富源光梁子光伏发电站,https://caifuhao.eastmoney.com/news/20240125195616229369510,100MW,https://caifuhao.eastmoney.com/news/20240125195616229369510,高,已完成
62,富源中安光伏,富源中安光伏发电站,100,云南省,曲靖市,富源县,,富源中安光伏发电站,https://caifuhao.eastmoney.com/news/20240125195616229369510,100MW,https://caifuhao.eastmoney.com/news/20240125195616229369510,高,已完成
63,富源胜境光伏,富源胜境光伏发电站,100,云南省,曲靖市,富源县,,富源胜境光伏发电站,https://www.bidcenter.com.cn/zhaobiao/agencies_1175_530325_1/,100MW,https://www.bidcenter.com.cn/zhaobiao/agencies_1175_530325_1/,高,已完成
64,富源香花岭光伏,富源香花岭光伏发电站,100,云南省,曲靖市,富源县,,富源香花岭光伏发电站,http://www.gdtzb.com/g-nzj-86537.html,100MW,http://www.gdtzb.com/g-nzj-86537.html,高,已完成
65,马龙竹园光伏,马龙竹园光伏发电站,50,云南省,曲靖市,马龙区,,马龙竹园光伏发电站,https://www.bjnews.com.cn/detail/1746438785129032.html,50MW,https://www.bjnews.com.cn/detail/1746438785129032.html,高,已完成
66,马龙色甲光伏,马龙色甲光伏发电站,20,云南省,曲靖市,马龙区,,马龙色甲光伏发电站,https://new.qq.com/rain/a/20250703A080U000,20MW,https://new.qq.com/rain/a/20250703A080U000,高,已完成
67,马龙新屯光伏,马龙新屯光伏发电站,30,云南省,曲靖市,马龙区,,马龙新屯光伏发电站,https://www.sohu.com/a/981273470_120988533,30MW,https://www.sohu.com/a/981273470_120988533,高,已完成
68,东川角家村光伏,东川角家村农牧光互补光伏电站,180,云南省,昆明市,东川区,铜都街道,东川角家村农牧光互补光伏电站,https://k.sina.com.cn/article_7517400647_1c0126e4705904rcy4.html,180MW,https://k.sina.com.cn/article_7517400647_1c0126e4705904rcy4.html,高,已完成
69,东川毛坝子光伏,东川毛坝子光伏发电站,65,云南省,昆明市,东川区,红土地镇,东川毛坝子光伏发电站,https://mguangfu.bjx.com.cn/mnews/20250321/1433353.shtml,65MW,https://mguangfu.bjx.com.cn/mnews/20250321/1433353.shtml,高,已完成
70,东川生态修复光伏,东川生态修复+光伏示范项目,1.03,云南省,昆明市,东川区,四方地工业园区,东川生态修复+光伏示范项目,https://www.toutiao.com/article/6940842479738421791,1.03MW,https://www.toutiao.com/article/6940842479738421791,高,已完成
71,寻甸白龙潭光伏,寻甸白龙潭光伏发电站,495,云南省,昆明市,寻甸县,,寻甸白龙潭光伏发电站,https://newenergy.in-en.com/html/newenergy-2449905.shtml,495MW,https://newenergy.in-en.com/html/newenergy-2449905.shtml,高,已完成
72,寻甸竹园沟光伏,寻甸竹园沟光伏发电站,300,云南省,昆明市,寻甸县,河口镇,寻甸竹园沟光伏发电站,http://www.kmxd.gov.cn/c/2024-12-05/6940629.shtml,300MW,http://www.kmxd.gov.cn/c/2024-12-05/6940629.shtml,高,已完成
73,寻甸马路坡光伏,寻甸马路坡光伏发电站,150,云南省,昆明市,寻甸县,河口镇/金所镇,寻甸马路坡光伏发电站,http://sthjj.km.gov.cn/c/2022-05-05/4365217.shtml,150MW,http://sthjj.km.gov.cn/c/2022-05-05/4365217.shtml,高,已完成
74,寻甸尹武光伏,寻甸尹武光伏发电站,43,云南省,昆明市,寻甸县,,寻甸尹武光伏发电站,https://invest.km.gov.cn/c/2023-07-03/4750385.shtml,43MW,https://invest.km.gov.cn/c/2023-07-03/4750385.shtml,高,已完成
75,寻甸60MW分布式光伏,寻甸60MW分布式光伏一期,21.36,云南省,昆明市,寻甸县,金所/羊街/仁德镇,寻甸分布式光伏一期,https://www.163.com/dy/article/HL08ULKA0553VUK3.html,21.36MW,https://www.163.com/dy/article/HL08ULKA0553VUK3.html,高,已完成
76,嵩明凤凰山光伏,嵩明凤凰山药光互补光伏电站,200,云南省,昆明市,嵩明县,嵩阳街道,嵩明凤凰山药光互补光伏电站,https://guangfu.bjx.com.cn/news/20240425/1373669.shtml,200MW,https://guangfu.bjx.com.cn/news/20240425/1373669.shtml,高,已完成
77,嵩明阿里塘光伏,嵩明阿里塘光伏发电站,140,云南省,昆明市,嵩明县,牛栏江镇,嵩明阿里塘光伏发电站,https://guangfu.bjx.com.cn/news/20250122/1424037.shtml,140MW,https://guangfu.bjx.com.cn/news/20250122/1424037.shtml,高,已完成
78,楚雄小黑箐光伏,大姚小黑箐光伏发电站,50,云南省,楚雄州,大姚县,,大姚小黑箐光伏发电站,https://www.163.com/dy/article/HU9BQ20Q0553CT35.html,50MW,https://www.163.com/dy/article/HU9BQ20Q0553CT35.html,高,已完成
79,楚雄柳树冲光伏,楚雄柳树冲光伏发电站,120,云南省,楚雄州,楚雄市,东瓜镇,楚雄柳树冲光伏发电站,https://mguangfu.bjx.com.cn/mnews/20220616/1233709.shtml,120MW,https://mguangfu.bjx.com.cn/mnews/20220616/1233709.shtml,高,已完成
80,楚雄罗杞打光伏,楚雄罗杞打光伏发电站,60,云南省,楚雄州,楚雄市,子午镇,楚雄罗杞打光伏发电站,https://www.163.com/dy/article/HCLRSB8T0525BL3J.html,60MW,https://www.163.com/dy/article/HCLRSB8T0525BL3J.html,高,已完成
81,楚雄云龙北光伏,楚雄云龙北光伏发电站,40,云南省,楚雄州,楚雄市,子午镇,楚雄云龙北光伏发电站,https://www.163.com/dy/article/HCLRSB8T0525BL3J.html,40MW,https://www.163.com/dy/article/HCLRSB8T0525BL3J.html,高,已完成
82,楚雄云龙南光伏,楚雄云龙南光伏发电站,40,云南省,楚雄州,楚雄市,子午镇,楚雄云龙南光伏发电站,https://www.163.com/dy/article/HCLRSB8T0525BL3J.html,40MW,https://www.163.com/dy/article/HCLRSB8T0525BL3J.html,高,已完成
83,楚雄太苏石头光伏,楚雄太苏石头光伏发电站,105,云南省,楚雄州,楚雄市,苍岭镇,楚雄太苏石头光伏发电站,http://union.china.com.cn/txt/2024-11/26/content_42972490.html,105MW,http://union.china.com.cn/txt/2024-11/26/content_42972490.html,高,已完成
84,西畴吉安光伏,西畴吉安农光互补光伏电站,100,云南省,文山州,西畴县,,西畴吉安农光互补光伏电站,https://www.sohu.com/a/977306856_121613636,100MW,https://www.sohu.com/a/977306856_121613636,高,已完成
85,西畴集中式光伏,西畴集中式光伏发电站,100,云南省,文山州,西畴县,,西畴集中式光伏发电站,https://www.nengyuanjie.net/channel/6.html?&page=18,100MW,https://www.nengyuanjie.net/channel/6.html?&page=18,高,已完成
86,开远那依光伏,开远那依光伏发电站,64,云南省,红河州,开远市,,开远那依光伏发电站,https://so.html5.qq.com/page/real/search_news?docid=70000021_83268a6ff3366152,64MW,https://so.html5.qq.com/page/real/search_news?docid=70000021_83268a6ff3366152,高,已完成
87,开远小石岩光伏,开远小石岩光伏发电站,55,云南省,红河州,开远市,,开远小石岩光伏发电站,https://so.html5.qq.com/page/real/search_news?docid=70000021_83268a6ff3366152,55MW,https://so.html5.qq.com/page/real/search_news?docid=70000021_83268a6ff3366152,高,已完成
88,弥勒大麦潭光伏,弥勒大麦潭光伏发电站,90,云南省,红河州,弥勒市,西二镇,弥勒大麦潭光伏发电站,https://www.sohu.com/a/684491718_121471433,90MW,https://www.sohu.com/a/684491718_121471433,高,已完成
89,弥勒大黑土光伏,弥勒大黑土光伏发电站,220,云南省,红河州,弥勒市,五山乡/西二镇,弥勒大黑土光伏发电站,https://www.sohu.com/a/788794795_121471433,220MW,https://www.sohu.com/a/788794795_121471433,高,已完成
90,弥勒杨柳寨光伏,弥勒杨柳寨光伏发电站,,云南省,红河州,弥勒市,巡检司镇,弥勒杨柳寨光伏发电站,http://www.hh.gov.cn/info/9331/1143152.htm,,http://www.hh.gov.cn/info/9331/1143152.htm,中,待核实
91,弥勒东风生态园光伏,弥勒东风生态园光伏发电站,,云南省,红河州,弥勒市,,弥勒东风生态园光伏发电站,https://mguangfu.bjx.com.cn/topics/mlsdfstygffd/,,https://mguangfu.bjx.com.cn/topics/mlsdfstygffd/,中,待核实
92,泸西大歹鲁光伏,泸西大歹鲁光伏发电站,37.8,云南省,红河州,泸西县,向阳乡,泸西大歹鲁光伏发电站,https://www.hh.gov.cn/info/9341/827982.htm,37.8MW,https://www.hh.gov.cn/info/9341/827982.htm,高,已完成
93,泸西孔照普光伏,泸西孔照普光伏发电站,,云南省,红河州,泸西县,,泸西孔照普光伏发电站,https://news.bjx.com.cn/html/20240815/1395050.shtml,,https://news.bjx.com.cn/html/20240815/1395050.shtml,中,待核实
94,泸西白水扶贫光伏,泸西白水村级光伏扶贫电站,3.4,云南省,红河州,泸西县,白水镇,泸西白水村级光伏扶贫电站,https://m.yunnan.cn/system/2021/10/18/031716974.shtml,3.4MW,https://m.yunnan.cn/system/2021/10/18/031716974.shtml,高,已完成
95,个旧背阴山光伏,个旧背阴山尾矿库分布式光伏,15,云南省,红河州,个旧市,老厂镇,个旧背阴山尾矿库分布式光伏,https://www.sohu.com/a/881983137_122094388,15MW,https://www.sohu.com/a/881983137_122094388,高,已完成
96,个旧云锡尾矿库光伏,个旧云锡尾矿库光伏发电站,160,云南省,红河州,个旧市,老厂镇,个旧云锡尾矿库光伏发电站,https://www.toutiao.com/topic/7492625208952784937/,160MW,https://www.toutiao.com/topic/7492625208952784937/,高,已完成
97,个旧分布式光伏,个旧分布式光伏发电项目,,云南省,红河州,个旧市,多个乡镇,个旧分布式光伏发电项目,https://www.kesolar.com/headline/275041.html,,https://www.kesolar.com/headline/275041.html,高,已完成
98,石屏村级扶贫光伏,石屏县村级光伏扶贫电站,3.1,云南省,红河州,石屏县,5个乡镇31个村,石屏县村级光伏扶贫电站,http://mguangfu.bjx.com.cn/mnews/20191231/1032707.shtml,3.1MW,http://mguangfu.bjx.com.cn/mnews/20191231/1032707.shtml,高,已完成
99,建水南庄光伏,建水南庄光伏发电站,300,云南省,红河州,建水县,南庄镇,建水南庄光伏发电站,https://www.sohu.com/a/30956365_162758,300MW,https://www.sohu.com/a/30956365_162758,高,已完成
100,建水下海尾光伏,建水下海尾光伏发电站,50,云南省,红河州,建水县,,建水下海尾光伏发电站,http://www.ynyisheng.net/newsdetail_76.htm,50MW,http://www.ynyisheng.net/newsdetail_76.htm,高,已完成
101,建水麻栗树光伏,建水麻栗树光伏发电站,,云南省,红河州,建水县,,建水麻栗树光伏发电站,http://www.hh.gov.cn/info/9351/1153302.htm,,http://www.hh.gov.cn/info/9351/1153302.htm,中,待核实
102,元谋平新光伏,元谋平新复合型光伏基地,450,云南省,楚雄州,元谋县,平田乡/新华乡,元谋平新复合型光伏基地,https://www.sohu.com/a/791760653_121613636,450MW,https://www.sohu.com/a/791760653_121613636,高,已完成
103,元谋物茂光伏,元谋物茂复合型光伏项目,550,云南省,楚雄州,元谋县,物茂乡,元谋物茂复合型光伏项目,http://www.cxz.gov.cn/info/1026/37599.htm,550MW,http://www.cxz.gov.cn/info/1026/37599.htm,高,已完成
104,元谋马头地光伏,元谋马头地光伏发电站,,云南省,楚雄州,元谋县,,元谋马头地光伏发电站,http://www.yncxym.gov.cn/info/2353/60792.htm,,http://www.yncxym.gov.cn/info/2353/60792.htm,中,待核实
105,元谋龙山光伏,元谋龙山光伏发电站,,云南省,楚雄州,元谋县,,元谋龙山光伏发电站,http://www.cxz.gov.cn/info/1026/56834.htm,,http://www.cxz.gov.cn/info/1026/56834.htm,中,待核实
106,元谋小雷宰光伏,元谋小雷宰光伏发电站,,云南省,楚雄州,元谋县,,元谋小雷宰光伏发电站,http://www.cxz.gov.cn/info/1026/56834.htm,,http://www.cxz.gov.cn/info/1026/56834.htm,中,待核实
107,元谋猛令沟光伏,元谋猛令沟光伏发电站,,云南省,楚雄州,元谋县,,元谋猛令沟光伏发电站,http://www.cxz.gov.cn/info/1026/56834.htm,,http://www.cxz.gov.cn/info/1026/56834.htm,中,待核实
108,元谋烂秧田光伏,元谋烂秧田光伏发电站,,云南省,楚雄州,元谋县,,元谋烂秧田光伏发电站,http://www.cxz.gov.cn/info/1026/56834.htm,,http://www.cxz.gov.cn/info/1026/56834.htm,中,待核实
109,普洱南屏光伏,普洱南屏茶光互补光伏,60,云南省,普洱市,思茅区,南屏镇,普洱南屏茶光互补光伏,https://www.163.com/dy/article/IV10Q2440514R9KQ.html,60MW,https://www.163.com/dy/article/IV10Q2440514R9KQ.html,高,已完成
110,镇沅新田光伏,镇沅新田农光互补光伏发电站,120,云南省,普洱市,镇沅县,者东镇,镇沅新田农光互补光伏发电站,https://www.sohu.com/a/844435710_121486622,120MW,https://www.sohu.com/a/844435710_121486622,高,已完成
111,镇沅麻羊寨光伏,镇沅麻羊寨光伏发电站,20,云南省,普洱市,镇沅县,勐大镇,镇沅麻羊寨光伏发电站,https://guangfu.bjx.com.cn/news/20230906/1330262.shtml,20MW,https://guangfu.bjx.com.cn/news/20230906/1330262.shtml,高,已完成
112,镇沅下脚马光伏,镇沅下脚马复合光伏发电站,20,云南省,普洱市,镇沅县,恩乐镇,镇沅下脚马复合光伏发电站,https://www.kesolar.com/headline/254062.html,20MW,https://www.kesolar.com/headline/254062.html,高,已完成
113,永仁华电维的光伏,永仁华电维光伏发电站,40,云南省,楚雄州,永仁县,,永仁华电维光伏发电站,https://www.sohu.com/a/991534258_121119242,40MW,https://www.sohu.com/a/991534258_121119242,高,已完成
114,永仁观音岩光伏,永仁观音岩复合型光伏发电站,100,云南省,楚雄州,永仁县,,永仁观音岩复合型光伏发电站,https://so.html5.qq.com/page/real/search_news?docid=70000021_1936278ec3735352&faker=1,100MW,https://so.html5.qq.com/page/real/search_news?docid=70000021_1936278ec3735352&faker=1,高,已完成
115,永仁20万千瓦光伏,永仁20万千瓦复合型光伏发电站,200,云南省,楚雄州,永仁县,莲池乡/宜就镇,永仁20万千瓦复合型光伏发电站,https://www.163.com/dy/article/J6891LNV05565EU3.html,200MW,https://www.163.com/dy/article/J6891LNV05565EU3.html,高,已完成
116,永仁班别光伏,永仁班别光伏发电站,,云南省,楚雄州,永仁县,维的乡,永仁班别光伏发电站,https://new.qq.com/rain/a/20251120A05O3C00,,https://new.qq.com/rain/a/20251120A05O3C00,高,已完成
117,永仁鸡田光伏,永仁鸡田光伏发电站,,云南省,楚雄州,永仁县,维的乡,永仁鸡田光伏发电站,https://new.qq.com/rain/a/20251120A05O3C00,,https://new.qq.com/rain/a/20251120A05O3C00,高,已完成
118,永仁潘古里光伏,永仁潘古里光伏发电站,,云南省,楚雄州,永仁县,维的乡,永仁潘古里光伏发电站,https://new.qq.com/rain/a/20251120A05O3C00,,https://new.qq.com/rain/a/20251120A05O3C00,高,已完成
119,永仁田房光伏,永仁田房光伏发电站,60,云南省,楚雄州,永仁县,维的乡,永仁田房光伏发电站,https://www.bidcenter.com.cn/zhaobiao/zbkeyw-29235-532300-17.html,60MW,https://www.bidcenter.com.cn/zhaobiao/zbkeyw-29235-532300-17.html,高,已完成
120,双柏白玉村光伏,双柏白玉村光伏发电站,250,云南省,楚雄州,双柏县,大庄镇,双柏白玉村光伏发电站,https://www.sohu.com/a/836464941_121119242,250MW,https://www.sohu.com/a/836464941_121119242,高,已完成
121,双柏大庄并网光伏,双柏大庄并网光伏发电站,,云南省,楚雄州,双柏县,大庄镇,双柏大庄并网光伏发电站,https://so.html5.qq.com/page/real/search_news?docid=70000021_996625557c824252&faker=1,,https://so.html5.qq.com/page/real/search_news?docid=70000021_996625557c824252&faker=1,高,已完成
122,双柏干海资一期光伏,双柏干海资一期复合光伏发电站,200,云南省,楚雄州,双柏县,,双柏干海资一期复合光伏发电站,https://www.bidcenter.com.cn/zhaobiao/zbkeyw-29231-2611.html,200MW,https://www.bidcenter.com.cn/zhaobiao/zbkeyw-29231-2611.html,高,已完成
123,双柏万德村光伏,双柏万德村光伏发电站,150,云南省,楚雄州,双柏县,,双柏万德村光伏发电站,https://www.bidcenter.com.cn/zhaobiao/zbkeyw-29231-2611.html,150MW,https://www.bidcenter.com.cn/zhaobiao/zbkeyw-29231-2611.html,高,已完成
124,双柏青香树光伏,双柏青香树二期光伏发电站,120,云南省,楚雄州,双柏县,,双柏青香树二期光伏发电站,https://www.bidcenter.com.cn/zhaobiao/zbkeyw-31235-532300.html,120MW,https://www.bidcenter.com.cn/zhaobiao/zbkeyw-31235-532300.html,高,已完成
125,双柏石头光伏,双柏石头光伏发电站,,云南省,楚雄州,双柏县,,双柏石头光伏发电站,https://www.bidcenter.com.cn/zhaobiao/zbkeyw-1135-532300-1.html,,https://www.bidcenter.com.cn/zhaobiao/zbkeyw-1135-532300-1.html,高,已完成
126,牟定旧村光伏,牟定旧村光伏发电站,35,云南省,楚雄州,牟定县,安乐乡/戌街乡,牟定旧村光伏发电站,https://finance.sina.com.cn/jjxw/2024-06-30/doc-incapimf2535569.shtml,35MW,https://finance.sina.com.cn/jjxw/2024-06-30/doc-incapimf2535569.shtml,高,已完成
127,牟定安下光伏,牟定安下村光伏发电站,27,云南省,楚雄州,牟定县,,牟定安下村光伏发电站,https://www.cinn.cn/p/357744.html,27MW,https://www.cinn.cn/p/357744.html,高,已完成
128,牟定下村光伏,牟定下村光伏发电站,15,云南省,楚雄州,牟定县,安乐乡,牟定下村光伏发电站,https://guangfu.bjx.com.cn/news/20250208/1425955.shtml,15MW,https://guangfu.bjx.com.cn/news/20250208/1425955.shtml,高,已完成
129,牟定戌街光伏,牟定戌街光伏发电站,222,云南省,楚雄州,牟定县,戌街乡,牟定戌街光伏发电站,https://guangfu.bjx.com.cn/news/20220726/1244029.shtml,222MW,https://guangfu.bjx.com.cn/news/20220726/1244029.shtml,高,已完成
130,牟定安乐光伏,牟定安乐乡光伏发电站,152,云南省,楚雄州,牟定县,安乐乡,牟定安乐乡光伏发电站,https://guangfu.bjx.com.cn/news/20220726/1244029.shtml,152MW,https://guangfu.bjx.com.cn/news/20220726/1244029.shtml,高,已完成
131,牟定旧村40MW光伏,牟定旧村40MW光伏发电站,40,云南省,楚雄州,牟定县,凤屯镇,牟定旧村40MW光伏发电站,https://newenergy.in-en.com/html/newenergy-2449372.shtml,40MW,https://newenergy.in-en.com/html/newenergy-2449372.shtml,高,已完成
132,牟定村级扶贫光伏,牟定县村级光伏扶贫电站,5.536,云南省,楚雄州,牟定县,,牟定县村级光伏扶贫电站,https://www.bidcenter.com.cn/newscontent-76549284-1.html,5.536MW,https://www.bidcenter.com.cn/newscontent-76549284-1.html,高,已完成
133,武定田心光伏,武定田心光伏发电站,,云南省,楚雄州,武定县,田心镇,武定田心光伏发电站,https://news.bjx.com.cn/html/20211217/1194292.shtml,,https://news.bjx.com.cn/html/20211217/1194292.shtml,高,已完成
134,武定大新庄光伏,武定大新庄光伏发电站,40,云南省,楚雄州,武定县,狮山镇,武定大新庄光伏发电站,http://www.cepca.org.cn/news/show-24832.html,40MW,http://www.cepca.org.cn/news/show-24832.html,高,已完成
135,武定上碗厂光伏,武定上碗厂光伏发电站,40,云南省,楚雄州,武定县,狮山镇,武定上碗厂光伏发电站,http://www.cepca.org.cn/news/show-24832.html,40MW,http://www.cepca.org.cn/news/show-24832.html,高,已完成
136,武定小石板沟光伏,武定小石板沟光伏发电站,25,云南省,楚雄州,武定县,狮山镇,武定小石板沟光伏发电站,http://www.cepca.org.cn/news/show-24832.html,25MW,http://www.cepca.org.cn/news/show-24832.html,高,已完成
137,武定万德村光伏,武定万德村光伏发电站,150,云南省,楚雄州,武定县,狮山镇,武定万德村光伏发电站,https://guangfu.bjx.com.cn/news/20211129/1190627.shtml,150MW,https://guangfu.bjx.com.cn/news/20211129/1190627.shtml,高,已完成
138,武定整县分布式光伏,武定整县屋顶分布式光伏发电站,118,云南省,楚雄州,武定县,,武定整县屋顶分布式光伏发电站,https://guangfu.bjx.com.cn/news/20240110/1355154.shtml,118MW,https://guangfu.bjx.com.cn/news/20240110/1355154.shtml,高,已完成
139,武定磨盘山光伏,武定磨盘山光伏发电站,,云南省,楚雄州,武定县,狮山镇,武定磨盘山光伏发电站,https://guangfu.bjx.com.cn/news/20221228/1279414.shtml,,https://guangfu.bjx.com.cn/news/20221228/1279414.shtml,高,已完成
140,禄丰小松棵光伏,禄丰小松棵光伏发电站,70,云南省,楚雄州,禄丰市,碧城镇,禄丰小松棵光伏发电站,https://solar.in-en.com/html/solar-2448633.shtml,70MW,https://solar.in-en.com/html/solar-2448633.shtml,高,已完成
141,禄丰桃园光伏,禄丰桃园光伏发电站,220,云南省,楚雄州,禄丰市,和平镇,禄丰桃园光伏发电站,https://guangfu.bjx.com.cn/news/20230912/1331398.shtml,220MW,https://guangfu.bjx.com.cn/news/20230912/1331398.shtml,高,已完成
142,禄丰矣得乐光伏,禄丰矣得乐光伏发电站,85,云南省,楚雄州,禄丰市,黑井镇,禄丰矣得乐光伏发电站,http://ghidri.powerchina.cn/col6609/art/2024/art_6609_1861563.html,85MW,http://ghidri.powerchina.cn/col6609/art/2024/art_6609_1861563.html,高,已完成
143,禄丰老延家光伏,禄丰老延家光伏发电站,35,云南省,楚雄州,禄丰市,黑井镇,禄丰老延家光伏发电站,http://ghidri.powerchina.cn/col6609/art/2024/art_6609_1861563.html,35MW,http://ghidri.powerchina.cn/col6609/art/2024/art_6609_1861563.html,高,已完成
144,禄丰麦子地光伏,禄丰麦子地光伏发电站,25.6,云南省,楚雄州,禄丰市,仁兴镇,禄丰麦子地光伏发电站,https://solar.in-en.com/html/solar-2420549.shtml,25.6MW,https://solar.in-en.com/html/solar-2420549.shtml,高,已完成
145,禄丰高峰光伏,禄丰高峰光伏发电站,120,云南省,楚雄州,禄丰市,,禄丰高峰光伏发电站,https://ynlf.gov.cn/info/3103/78914.htm,120MW,https://ynlf.gov.cn/info/3103/78914.htm,高,已完成
146,禄丰绵羊龙光伏,禄丰绵羊龙光伏发电站,100,云南省,楚雄州,禄丰市,,禄丰绵羊龙光伏发电站,http://www.ynlf.gov.cn/info/3751/96551.htm,100MW,http://www.ynlf.gov.cn/info/3751/96551.htm,高,已完成
147,南华陆家垭口光伏,南华陆家垭口复合型光伏发电站,340,云南省,楚雄州,南华县,一街乡/罗武庄乡,南华陆家垭口复合型光伏发电站,https://news.sina.com.cn/zx/gj/2024-12-03/doc-incyezvp1407266.shtml,340MW(190MW+150MW),https://news.sina.com.cn/zx/gj/2024-12-03/doc-incyezvp1407266.shtml,高,已完成
148,南华罗武庄光伏,南华罗武庄光伏发电站,240,云南省,楚雄州,南华县,罗武庄乡,南华罗武庄光伏发电站,https://guangfu.bjx.com.cn/news/20240708/1387615.shtml,240MW,https://guangfu.bjx.com.cn/news/20240708/1387615.shtml,高,已完成
149,南华独田箐光伏,南华独田箐光伏发电站,90,云南省,楚雄州,南华县,,南华独田箐光伏发电站,https://finance.sina.com.cn/jjxw/2024-07-05/doc-inccccrx7086614.shtml,90MW,https://finance.sina.com.cn/jjxw/2024-07-05/doc-inccccrx7086614.shtml,高,已完成
150,南华5万千瓦光伏,南华5万千瓦光伏发电站,50,云南省,楚雄州,南华县,龙川镇,南华5万千瓦光伏发电站,https://www.ybzhan.cn/news/detail/109237.html,50MW,https://www.ybzhan.cn/news/detail/109237.html,高,已完成
151,姚安弥兴光伏,姚安弥兴光伏发电站,130,云南省,楚雄州,姚安县,弥兴镇,姚安弥兴光伏发电站,https://guangfu.bjx.com.cn/news/20230330/1297953.shtml,130MW,https://guangfu.bjx.com.cn/news/20230330/1297953.shtml,高,已完成
152,姚安马游光伏,姚安马游光伏发电站,180,云南省,楚雄州,姚安县,弥兴镇/官屯镇,姚安马游光伏发电站,https://www.kesolar.com/headline/239088.html,180MW,https://www.kesolar.com/headline/239088.html,高,已完成
153,姚安吴海光伏,姚安吴海光伏发电站,20,云南省,楚雄州,姚安县,栋川镇,姚安吴海光伏发电站,http://www.sasac.gov.cn/n2588025/n2588124/c29563800/content.html,20MW,http://www.sasac.gov.cn/n2588025/n2588124/c29563800/content.html,高,已完成
154,姚安路光互补光伏,姚安路光互补分布式光伏,505,云南省,楚雄州,姚安县,草海工业园区,姚安路光互补分布式光伏,https://guangfu.bjx.com.cn/news/20230414/1301054.shtml,505MW,https://guangfu.bjx.com.cn/news/20230414/1301054.shtml,高,已完成
155,大姚小黑箐光伏,大姚小黑箐光伏发电站,50,云南省,楚雄州,大姚县,三台乡,大姚小黑箐光伏发电站,http://www.sasac.gov.cn/n2588025/n2588124/c29563800/content.html,50MW,http://www.sasac.gov.cn/n2588025/n2588124/c29563800/content.html,高,已完成
156,大姚坛罐窑光伏,大姚坛罐窑光伏发电站,60,云南省,楚雄州,大姚县,金碧镇,大姚坛罐窑光伏发电站,http://www.sasac.gov.cn/n2588025/n2588124/c29563800/content.html,60MW,http://www.sasac.gov.cn/n2588025/n2588124/c29563800/content.html,高,已完成
157,大姚博厚村光伏,大姚博厚村光伏发电站,45,云南省,楚雄州,大姚县,三台乡,大姚博厚村光伏发电站,https://solar.in-en.com/html/solar-2450625.shtml,45MW,https://solar.in-en.com/html/solar-2450625.shtml,高,已完成
158,大姚大平地光伏,大姚大平地光伏发电站,100,云南省,楚雄州,大姚县,龙街镇,大姚大平地光伏发电站,https://www.163.com/dy/article/IB7P972H05199H27.html,100MW,https://www.163.com/dy/article/IB7P972H05199H27.html,高,已完成
159,大姚52.3万千瓦光伏基地,大姚52.3万千瓦光伏发电站,523,云南省,楚雄州,大姚县,石羊镇/新街镇,大姚52.3万千瓦光伏发电站,https://new.qq.com/rain/a/20240716A07BL700,523MW,https://new.qq.com/rain/a/20240716A07BL700,高,已完成
160,大姚启兴光伏,大姚启兴光伏发电站,,云南省,楚雄州,大姚县,赵家店镇,大姚启兴光伏发电站,https://new.qq.com/rain/a/20251220A02JUQ00,,https://new.qq.com/rain/a/20251220A02JUQ00,高,已完成
161,砚山平远小石岩光伏,砚山平远小石岩光伏发电站,,云南省,文山州,砚山县,平远镇,砚山平远小石岩光伏发电站,http://www.news.cn/power/2023-04/11/c_1212007397.htm,,http://www.news.cn/power/2023-04/11/c_1212007397.htm,高,已完成
162,砚山大清塘光伏,砚山大清塘光伏发电站,100,云南省,文山州,砚山县,维摩乡,砚山大清塘光伏发电站,https://www.yn.gov.cn/ztgg/jdbytjwhjc/cyh/xgzx/202311/t20231108_288720.html,100.16MW,https://www.yn.gov.cn/ztgg/jdbytjwhjc/cyh/xgzx/202311/t20231108_288720.html,高,已完成
163,砚山分布式光伏,砚山分布式光伏发电站,60,云南省,文山州,砚山县,,砚山分布式光伏发电站,https://guangfu.bjx.com.cn/news/20240327/1368300.shtml,60MW,https://guangfu.bjx.com.cn/news/20240327/1368300.shtml,高,已完成
164,砚山660MW水面光伏一期,砚山660MWp水面光伏电站一期,50,云南省,文山州,砚山县,,砚山660MWp水面光伏电站一期,https://www.sohu.com/a/70809645_257552,50MW,https://www.sohu.com/a/70809645_257552,高,已完成
165,丘北小塘子光伏,丘北小塘子光伏发电站,200,云南省,文山州,丘北县,树皮乡/腻脚乡,丘北小塘子光伏发电站,https://caijing.chinadaily.com.cn/a/202411/21/WS673eca06a310b59111da4b14.html,200MW,https://caijing.chinadaily.com.cn/a/202411/21/WS673eca06a310b59111da4b14.html,高,已完成
166,丘北山心光伏,丘北山心光伏发电站,30,云南省,文山州,丘北县,官寨乡,丘北山心光伏发电站,https://www.163.com/dy/article/HJVQQKUL0545R4CU.html,30MW,https://www.163.com/dy/article/HJVQQKUL0545R4CU.html,高,已完成
167,丘北红花山光伏,丘北红花山光伏发电站,,云南省,文山州,丘北县,曰者镇,丘北红花山光伏发电站,https://www.kesolar.com/headline/249289.html,,https://www.kesolar.com/headline/249289.html,高,已完成
168,丘北干龙塘光伏,丘北干龙塘光伏发电站,60,云南省,文山州,丘北县,腻脚乡,丘北干龙塘光伏发电站,https://new.qq.com/rain/a/20260107A05WZW00,60MW,https://new.qq.com/rain/a/20260107A05WZW00,高,已完成
169,丘北双羊洞光伏,丘北双羊洞光伏发电站,120,云南省,文山州,丘北县,舍得乡/曰者镇,丘北双羊洞光伏发电站,http://yn.yunnan.cn/system/2024/10/11/033263254.shtml,120MW,http://yn.yunnan.cn/system/2024/10/11/033263254.shtml,高,已完成
170,富宁那平光伏,富宁那平光伏发电站,40,云南省,文山州,富宁县,,富宁那平光伏发电站,http://news.yunnan.cn/system/2026/04/01/033945748.shtml,40MW,http://news.yunnan.cn/system/2026/04/01/033945748.shtml,高,已完成
171,富宁平安光伏,富宁平安光伏发电站,40,云南省,文山州,富宁县,,富宁平安光伏发电站,http://news.yunnan.cn/system/2026/04/01/033945748.shtml,40MW,http://news.yunnan.cn/system/2026/04/01/033945748.shtml,高,已完成
172,富宁分布式光伏,富宁分布式光伏发电站,38,云南省,文山州,富宁县,,富宁分布式光伏发电站,https://guangfu.bjx.com.cn/news/20230901/1329479.shtml,38MW,https://guangfu.bjx.com.cn/news/20230901/1329479.shtml,高,已完成
173,凤庆雪山镇茶光互补光伏,凤庆雪山镇茶光互补光伏发电站,100,云南省,临沧市,凤庆县,雪山镇,凤庆雪山镇茶光互补光伏发电站,http://www.nengyuanjie.net/nyhlw/nyhlw/series/guangfu.html?&page=5,100MW,http://www.nengyuanjie.net/nyhlw/nyhlw/series/guangfu.html?&page=5,高,已完成
174,凤庆大兴光伏,凤庆大兴农光互补光伏发电站,50,云南省,临沧市,凤庆县,洛党镇,凤庆大兴农光互补光伏发电站,http://www.hnxydl.com/news/24.html,50MW,http://www.hnxydl.com/news/24.html,高,已完成
175,凤庆桃花光伏,凤庆桃花光伏发电站,90,云南省,临沧市,凤庆县,洛党镇,凤庆桃花光伏发电站,https://k.sina.com.cn/article_2090512390_7c9ab00602002p0w2.html,90MW,https://k.sina.com.cn/article_2090512390_7c9ab00602002p0w2.html,高,已完成
176,凤庆大树林茶光互补光伏,凤庆大树林茶光互补光伏发电站,100,云南省,临沧市,凤庆县,,凤庆大树林茶光互补光伏发电站,https://www.kesolar.com/headline/277250.html,100MW,https://www.kesolar.com/headline/277250.html,高,已完成
177,凤庆腰街茶光互补光伏,凤庆腰街茶光互补光伏发电站,90,云南省,临沧市,凤庆县,,凤庆腰街茶光互补光伏发电站,https://www.kesolar.com/headline/277250.html,90MW,https://www.kesolar.com/headline/277250.html,高,已完成
178,凤庆凤山茶光互补光伏,凤庆凤山茶光互补光伏发电站,70,云南省,临沧市,凤庆县,,凤庆凤山茶光互补光伏发电站,https://www.kesolar.com/headline/277250.html,70MW,https://www.kesolar.com/headline/277250.html,高,已完成
179,凤庆大田脚光伏,凤庆大田脚光伏发电站,130,云南省,临沧市,凤庆县,凤山镇/勐佑镇,凤庆大田脚光伏发电站,https://solar.in-en.com/html/solar-2449507.shtml,130MW,https://solar.in-en.com/html/solar-2449507.shtml,高,已完成
180,凤庆大烂坝光伏,凤庆大烂坝光伏发电站,50,云南省,临沧市,凤庆县,勐佑镇,凤庆大烂坝光伏发电站,https://solar.in-en.com/html/solar-2449507.shtml,50MW,https://solar.in-en.com/html/solar-2449507.shtml,高,已完成
181,凤庆吴家箐光伏,凤庆吴家箐光伏发电站,50,云南省,临沧市,凤庆县,大寺乡,凤庆吴家箐光伏发电站,https://solar.in-en.com/html/solar-2449507.shtml,50MW,https://solar.in-en.com/html/solar-2449507.shtml,高,已完成
182,云县干龙潭光伏,云县干龙潭并网光伏发电站,30,云南省,临沧市,云县,幸福镇,云县干龙潭并网光伏发电站,https://baike.baidu.com/item/干龙潭30MW光伏电站/19834450,30MW,https://baike.baidu.com/item/干龙潭30MW光伏电站/19834450,高,已完成
183,云县茂兰林业光伏,云县茂兰林业光伏发电站,200,云南省,临沧市,云县,茂兰镇,云县茂兰林业光伏发电站,https://www.nengyuanjie.net/article/92813.html,200MW,https://www.nengyuanjie.net/article/92813.html,高,已完成
184,云县爱华镇光伏,云县爱华镇光伏发电站,100,云南省,临沧市,云县,爱华镇,云县爱华镇光伏发电站,https://guangfu.bjx.com.cn/news/20230419/1301855.shtml,100MW,https://guangfu.bjx.com.cn/news/20230419/1301855.shtml,高,已完成
185,云县大朝山西林业光伏,云县大朝山西林业光伏发电站,180,云南省,临沧市,云县,,云县大朝山西林业光伏发电站,https://guangfu.bjx.com.cn/news/20220302/1207523.shtml,180MW,https://guangfu.bjx.com.cn/news/20220302/1207523.shtml,高,已完成
186,临沧耿马大兴周家寨光伏,临沧耿马大兴周家寨复合光伏发电站,200,云南省,临沧市,耿马县,大兴镇,临沧耿马大兴周家寨复合光伏发电站,https://www.163.com/dy/article/J5H565N005565EU3.html,200MW,https://www.163.com/dy/article/J5H565N005565EU3.html,高,已完成
187,临翔区博尚镇光伏,临沧博尚镇300MW光伏复合发电站,300,云南省,临沧市,临翔区,博尚镇,临沧博尚镇300MW光伏复合发电站,https://news.sina.com.cn/zx/gj/2023-12-27/doc-imzznaaz7905688.shtml,300MW,https://news.sina.com.cn/zx/gj/2023-12-27/doc-imzznaaz7905688.shtml,高,已完成
188,临翔区马台光伏三期,临沧马台光伏发电站三期,200,云南省,临沧市,临翔区,马台乡,临沧马台光伏发电站三期,https://guangfu.bjx.com.cn/news/20250321/1433296.shtml,200MW,https://guangfu.bjx.com.cn/news/20250321/1433296.shtml,高,已完成
189,沧源茶光互补光伏,沧源县茶光互补光伏发电站,465,云南省,临沧市,沧源县,,沧源县茶光互补光伏发电站,https://www.sohu.com/a/815700679_703050,465MW,https://www.sohu.com/a/815700679_703050,高,已完成
190,沧源佤山机场光伏一期,沧源佤山机场光伏发电站一期,,云南省,临沧市,沧源县,糯良乡,沧源佤山机场光伏发电站一期,https://www.163.com/dy/article/ISCP6FVB055620AY.html,,https://www.163.com/dy/article/ISCP6FVB055620AY.html,高,已完成
191,永德大雪山光伏,永德大雪山200MW农(林)光互补光伏发电站,200,云南省,临沧市,永德县,大雪山乡,永德大雪山200MW农(林)光互补光伏发电站,https://new.qq.com/rain/a/20250821A084OP00,200MW,https://new.qq.com/rain/a/20250821A084OP00,高,已完成
192,永德小勐统光伏,永德小勐统镇70MW农牧光互补光伏发电站,70,云南省,临沧市,永德县,小勐统镇,永德小勐统镇70MW农牧光互补光伏发电站,https://www.163.com/dy/article/IP4TM0LD0530KCTU.html,70MW,https://www.163.com/dy/article/IP4TM0LD0530KCTU.html,高,已完成
193,永德勐板光伏,永德勐板乡农光互补光伏发电站,55,云南省,临沧市,永德县,勐板乡,永德勐板乡农光互补光伏发电站,https://guangfu.bjx.com.cn/news/20240220/1361759.shtml,55MW,https://guangfu.bjx.com.cn/news/20240220/1361759.shtml,高,已完成
194,永德乌木龙光伏,永德乌木龙乡农光互补光伏发电站,70,云南省,临沧市,永德县,乌木龙乡,永德乌木龙乡农光互补光伏发电站,https://guangfu.bjx.com.cn/news/20240220/1361759.shtml,70MW,https://guangfu.bjx.com.cn/news/20240220/1361759.shtml,高,已完成
195,永德木瓜河光伏,永德木瓜河农光互补光伏发电站,62,云南省,临沧市,永德县,,永德木瓜河农光互补光伏发电站,https://guangfu.bjx.com.cn/news/20240220/1361759.shtml,62MW,https://guangfu.bjx.com.cn/news/20240220/1361759.shtml,高,已完成
196,永德崇岗光伏,永德崇岗乡药光互补光伏发电站,70,云南省,临沧市,永德县,崇岗乡,永德崇岗乡药光互补光伏发电站,https://guangfu.bjx.com.cn/news/20240220/1361759.shtml,70MW,https://guangfu.bjx.com.cn/news/20240220/1361759.shtml,高,已完成
197,永德三岔沟光伏,永德三岔沟复合型光伏发电站,130,云南省,临沧市,永德县,班卡乡,永德三岔沟复合型光伏发电站,https://guangfu.bjx.com.cn/news/20231017/1337372.shtml,130MW,https://guangfu.bjx.com.cn/news/20231017/1337372.shtml,高,已完成
198,永德屋顶分布式光伏,永德县城建46MW户用屋顶分布式光伏发电站,46,云南省,临沧市,永德县,,永德县城建46MW户用屋顶分布式光伏发电站,https://guangfu.bjx.com.cn/news/20240930/1403236.shtml,46MW,https://guangfu.bjx.com.cn/news/20240930/1403236.shtml,高,已完成
199,镇康360MW光伏,镇康360MW农光互补复合光伏发电站,360,云南省,临沧市,镇康县,忙丙乡,镇康360MW农光互补复合光伏发电站,http://yn.yunnan.cn/system/2023/12/31/032893589.shtml,360MW,http://yn.yunnan.cn/system/2023/12/31/032893589.shtml,高,已完成
200,镇康乌木光伏,镇康乌木村120MW农光互补光伏发电站,120,云南省,临沧市,镇康县,忙丙乡,镇康乌木村120MW农光互补光伏发电站,https://www.sohu.com/a/777035421_121123842,120MW,https://www.sohu.com/a/777035421_121123842,高,已完成
201,镇康水泥厂分布式光伏,镇康水泥厂5MW分布式光伏发电站,5,云南省,临沧市,镇康县,,镇康水泥厂5MW分布式光伏发电站,https://business.sohu.com/a/661040886_120267827,5MW,https://business.sohu.com/a/661040886_120267827,高,已完成
202,耿马整县屋顶分布式光伏,耿马整县106MW屋顶分布式光伏发电站,106,云南省,临沧市,耿马县,,耿马整县106MW屋顶分布式光伏发电站,https://power.in-en.com/html/power-2400108.shtml,106MW,https://power.in-en.com/html/power-2400108.shtml,高,已完成
203,耿马四排山二期光伏,耿马四排山光伏发电站二期,150,云南省,临沧市,耿马县,四排山乡,耿马四排山光伏发电站二期,https://guangfu.bjx.com.cn/news/20250218/1427701.shtml,150MW,https://guangfu.bjx.com.cn/news/20250218/1427701.shtml,高,已完成
204,耿马孟定苏子塘光伏,耿马孟定镇苏子塘90MW农光互补光伏发电站,90,云南省,临沧市,耿马县,孟定镇,耿马孟定镇苏子塘90MW农光互补光伏发电站,http://ztb.guizhou.gov.cn/trade/bulletin/?id=509599,90MW,http://ztb.guizhou.gov.cn/trade/bulletin/?id=509599,中,待核实
205,勐海曼外光伏,勐海曼外光伏发电站,70,云南省,西双版纳州,勐海县,勐混镇,勐海曼外光伏发电站,http://www.sasac.gov.cn/n2588025/n2588129/c29742522/content.html,70MW,http://www.sasac.gov.cn/n2588025/n2588129/c29742522/content.html,高,已完成
206,景洪勐旺大平掌光伏,景洪勐旺大平掌光伏发电站,110,云南省,西双版纳州,景洪市,勐旺乡,景洪勐旺大平掌光伏发电站,https://finance.sina.com.cn/jjxw/2025-01-10/doc-ineenxxr5359984.shtml,110MW,https://finance.sina.com.cn/jjxw/2025-01-10/doc-ineenxxr5359984.shtml,高,已完成
207,景洪普文曼戈龙光伏,景洪普文曼戈龙光伏发电站,75,云南省,西双版纳州,景洪市,普文镇,景洪普文曼戈龙光伏发电站,https://finance.sina.com.cn/jjxw/2025-01-10/doc-ineenxxr5359984.shtml,75MW,https://finance.sina.com.cn/jjxw/2025-01-10/doc-ineenxxr5359984.shtml,高,已完成
208,景洪普文云盘光伏,景洪普文云盘光伏发电站,65,云南省,西双版纳州,景洪市,普文镇,景洪普文云盘光伏发电站,https://guangfu.bjx.com.cn/news/20250110/1422130.shtml,65MW,https://guangfu.bjx.com.cn/news/20250110/1422130.shtml,高,已完成
209,勐腊藤蔑山二期光伏,勐腊藤蔑山光伏发电站二期,70,云南省,西双版纳州,勐腊县,关累镇,勐腊藤蔑山光伏发电站二期,https://finance.sina.com.cn/jjxw/2025-01-10/doc-ineenxxr5359984.shtml,70MW,https://finance.sina.com.cn/jjxw/2025-01-10/doc-ineenxxr5359984.shtml,高,已完成
210,勐腊乌沙河光伏,勐腊乌沙河光伏发电站,150,云南省,西双版纳州,勐腊县,易武镇,勐腊乌沙河光伏发电站,https://www.energytrend.cn/news/20250318-141383.html,150MW,https://www.energytrend.cn/news/20250318-141383.html,高,已完成
211,勐海南弄光伏,勐海南弄光伏发电站,60,云南省,西双版纳州,勐海县,,勐海南弄光伏发电站,https://guangfu.bjx.com.cn/news/20230802/1323135.shtml,60MW,https://guangfu.bjx.com.cn/news/20230802/1323135.shtml,高,已完成
212,永平栗树坪光伏,永平栗树坪光伏发电站,,云南省,大理州,永平县,,永平栗树坪光伏发电站,https://www.163.com/dy/article/JSV8L0P80530QRMB.html,,https://www.163.com/dy/article/JSV8L0P80530QRMB.html,高,已完成
213,南涧母麦地光伏,南涧母麦地光伏发电站,70,云南省,大理州,南涧县,乐秋乡/南涧镇/拥翠乡/宝华镇,南涧母麦地光伏发电站,https://dali.yunnan.cn/system/2024/07/03/033128115.shtml,70MW,https://dali.yunnan.cn/system/2024/07/03/033128115.shtml,高,已完成
214,鹤庆均华光伏,鹤庆均华光伏发电站(井东湾场址),120,云南省,大理州,鹤庆县,黄坪镇,鹤庆均华光伏发电站(井东湾场址),https://mguangfu.bjx.com.cn/mnews/20230105/1281068.shtml,120MW,https://mguangfu.bjx.com.cn/mnews/20230105/1281068.shtml,高,已完成
215,宾川前所农光互补光伏,宾川前所农光互补光伏发电站,80,云南省,大理州,宾川县,,宾川前所农光互补光伏发电站,https://solar.ofweek.com/2023-12/ART-260006-8120-30618512.html,80MW,https://solar.ofweek.com/2023-12/ART-260006-8120-30618512.html,高,已完成
216,宾川孔新庄光伏,宾川孔新庄光伏发电站,100,云南省,大理州,宾川县,,宾川孔新庄光伏发电站,https://guangfu.bjx.com.cn/news/20240418/1372366.shtml,100MW,https://guangfu.bjx.com.cn/news/20240418/1372366.shtml,高,已完成
217,宾川橘果厂光伏,宾川橘果厂光伏发电站,50,云南省,大理州,宾川县,,宾川橘果厂光伏发电站,https://guangfu.bjx.com.cn/news/20240418/1372366.shtml,50MW,https://guangfu.bjx.com.cn/news/20240418/1372366.shtml,高,已完成
218,宾川龙口光伏,宾川龙口光伏发电站,150,云南省,大理州,宾川县,宾居镇/州城镇,宾川龙口光伏发电站,http://union.china.com.cn/txt/2022-08/31/content_42090829.html,150MW,http://union.china.com.cn/txt/2022-08/31/content_42090829.html,高,已完成
219,宾川大梅地光伏,宾川大梅地光伏发电站,20,云南省,大理州,宾川县,金牛镇,宾川大梅地光伏发电站,https://new.qq.com/rain/a/20250529A06PCO00,20MW,https://new.qq.com/rain/a/20250529A06PCO00,高,已完成
220,宾川老鹰岩四期光伏,宾川老鹰岩光伏发电站四期,50,云南省,大理州,宾川县,大营镇,宾川老鹰岩光伏发电站四期,http://yn.news.cn/hot/2021-11/25/c_1310331845.htm,50MW,http://yn.news.cn/hot/2021-11/25/c_1310331845.htm,高,已完成
221,祥云朝阳村光伏,祥云朝阳村复合型光伏发电站,100,云南省,大理州,祥云县,,祥云朝阳村复合型光伏发电站,https://mguangfu.bjx.com.cn/mnews/20220929/1258136.shtml,100MW,https://mguangfu.bjx.com.cn/mnews/20220929/1258136.shtml,高,已完成
222,祥云云南驿一期光伏,祥云云南驿一期复合型光伏发电站,50,云南省,大理州,祥云县,,祥云云南驿一期复合型光伏发电站,https://mguangfu.bjx.com.cn/mnews/20220929/1258136.shtml,50MW,https://mguangfu.bjx.com.cn/mnews/20220929/1258136.shtml,高,已完成
223,宾川中电西村光伏,宾川中电西村光伏发电站,50,云南省,大理州,宾川县,,宾川中电西村光伏发电站,https://www.kesolar.com/market/49417.html,50MW,https://www.kesolar.com/market/49417.html,高,已完成
224,鹤庆松桂光伏,鹤庆松桂光伏发电站,80,云南省,大理州,鹤庆县,松桂镇,鹤庆松桂光伏发电站,https://finance.sina.com.cn/jjxw/2025-03-28/doc-inerexcr1311199.shtml,80MW,https://finance.sina.com.cn/jjxw/2025-03-28/doc-inerexcr1311199.shtml,高,已完成
225,鹤庆水坪光伏,鹤庆水坪村农光互补光伏发电站,60,云南省,大理州,鹤庆县,黄坪镇,鹤庆水坪村农光互补光伏发电站,https://www.cpnn.com.cn/news/xny/202404/t20240403_1690467.html,60MW,https://www.cpnn.com.cn/news/xny/202404/t20240403_1690467.html,高,已完成
226,鹤庆葡萄塘光伏,鹤庆葡萄塘农光互补光伏发电站,40,云南省,大理州,鹤庆县,,鹤庆葡萄塘农光互补光伏发电站,http://www.cpnn.com.cn/dianlituku/202503/t20250319_1783332.html,40MW,http://www.cpnn.com.cn/dianlituku/202503/t20250319_1783332.html,高,已完成
227,鹤庆黄坪光伏,鹤庆黄坪并网光伏发电站,30,云南省,大理州,鹤庆县,黄坪镇,鹤庆黄坪并网光伏发电站,http://www.ipvei.com/earnings/projectView.action?piid=669C14308CB54B2D9ABB8F8C0205727C,30MW,http://www.ipvei.com/earnings/projectView.action?piid=669C14308CB54B2D9ABB8F8C0205727C,高,已完成
228,弥渡德苴二期光伏,弥渡德苴二期复合型光伏发电站,250,云南省,大理州,弥渡县,,弥渡德苴二期复合型光伏发电站,https://newenergy.in-en.com/html/newenergy-2413210.shtml,250MW,https://newenergy.in-en.com/html/newenergy-2413210.shtml,高,已完成
229,祥云雄里坡光伏,祥云雄里坡(普淜)复合型光伏发电站,100,云南省,大理州,祥云县,普淜镇,祥云雄里坡(普淜)复合型光伏发电站,https://www.toutiao.com/article/7125701343427166758,100MW,https://www.toutiao.com/article/7125701343427166758,高,已完成
230,祥云小营光伏,祥云小营光伏发电站,50,云南省,大理州,祥云县,鹿鸣乡,祥云小营光伏发电站,https://solar.in-en.com/html/solar-2433363.shtml,50MW,https://solar.in-en.com/html/solar-2433363.shtml,高,已完成
231,祥云鹿鸣小营光伏,祥云鹿鸣乡小营村光伏发电站,56.5,云南省,大理州,祥云县,鹿鸣乡,祥云鹿鸣乡小营村光伏发电站,https://newenergy.in-en.com/html/newenergy-2413210.shtml,56.5MW,https://newenergy.in-en.com/html/newenergy-2413210.shtml,高,已完成
232,祥云飞龙厂区分布式光伏,祥云飞龙厂区20MW分布式光伏发电站,20,云南省,大理州,祥云县,,祥云飞龙厂区20MW分布式光伏发电站,https://guangfu.bjx.com.cn/news/20211013/1181284.shtml,20MW,https://guangfu.bjx.com.cn/news/20211013/1181284.shtml,高,已完成
233,华坪左岔密落槽子光伏,华坪左岔密落槽子光伏发电站,30,云南省,丽江市,华坪县,中心镇,华坪左岔密落槽子光伏发电站,http://society.yunnan.cn/system/2026/03/25/033931777.shtml,30MW,http://society.yunnan.cn/system/2026/03/25/033931777.shtml,高,已完成
234,华坪水子坪光伏,华坪水子坪光伏发电站,,云南省,丽江市,华坪县,,华坪水子坪光伏发电站,http://society.yunnan.cn/system/2026/03/25/033931777.shtml,,http://society.yunnan.cn/system/2026/03/25/033931777.shtml,高,已完成
235,华坪小村岩光伏,华坪小村岩(梭罗井)光伏发电站,54,云南省,丽江市,华坪县,,华坪小村岩(梭罗井)光伏发电站,https://www.toutiao.com/article/7234784025624412732/,54MW,https://www.toutiao.com/article/7234784025624412732/,高,已完成
236,华坪瓦房箐光伏,华坪瓦房箐光伏发电站,36,云南省,丽江市,华坪县,兴泉镇,华坪瓦房箐光伏发电站,https://www.bidcenter.com.cn/zhaobiao/zbkeyw-27148-530700-1.html,36MW,https://www.bidcenter.com.cn/zhaobiao/zbkeyw-27148-530700-1.html,高,已完成
237,华坪楠木光伏,华坪楠木村光伏发电站,50,云南省,丽江市,华坪县,,华坪楠木村光伏发电站,https://newenergy.in-en.com/html/newenergy-2450171.shtml,50MW,https://newenergy.in-en.com/html/newenergy-2450171.shtml,高,已完成
238,华坪产业园区分布式光伏,华坪产业园区屋顶分布式光伏发电站,41.83,云南省,丽江市,华坪县,,华坪产业园区屋顶分布式光伏发电站,https://k.sina.com.cn/article_7517400647_1c0126e4705904ev4c.html,41.83MW,https://k.sina.com.cn/article_7517400647_1c0126e4705904ev4c.html,高,已完成
239,永善马楠坪厂光伏,永善马楠坪厂光伏发电站,400,云南省,昭通市,永善县,,永善马楠坪厂光伏发电站,https://finance.sina.com.cn/jjxw/2025-01-26/doc-inehhekm2519676.shtml,400MW,https://finance.sina.com.cn/jjxw/2025-01-26/doc-inehhekm2519676.shtml,高,已完成
240,永善海子山光伏,永善海子山光伏发电站,200,云南省,昭通市,永善县,,永善海子山光伏发电站,https://www.cwc.net.cn/mobile/news/show-11043.html,200MW,https://www.cwc.net.cn/mobile/news/show-11043.html,高,已完成
241,巧家海坝光伏,巧家海坝光伏发电站,240,云南省,昭通市,巧家县,老店镇,巧家海坝光伏发电站,https://guangfu.bjx.com.cn/news/20220826/1251017.shtml,240MW,https://guangfu.bjx.com.cn/news/20220826/1251017.shtml,高,已完成
242,巧家营盘光伏,巧家营盘光伏发电站,140,云南省,昭通市,巧家县,药山镇/新店镇,巧家营盘光伏发电站,https://www.dlzb.com/d-g-166281.html,140MW,https://www.dlzb.com/d-g-166281.html,高,已完成
243,巧家羊窝头光伏,巧家羊窝头光伏发电站,65,云南省,昭通市,巧家县,,巧家羊窝头光伏发电站,https://society.yunnan.cn/system/2024/11/24/033312388.shtml,65MW,https://society.yunnan.cn/system/2024/11/24/033312388.shtml,高,已完成
244,巧家八棵树光伏,巧家八棵树光伏发电站,70,云南省,昭通市,巧家县,,巧家八棵树光伏发电站,https://society.yunnan.cn/system/2024/11/24/033312388.shtml,70MW,https://society.yunnan.cn/system/2024/11/24/033312388.shtml,高,已完成
245,巧家绿荫塘光伏,巧家绿荫塘光伏发电站,150,云南省,昭通市,巧家县,,巧家绿荫塘光伏发电站,https://society.yunnan.cn/system/2024/11/24/033312388.shtml,150MW,https://society.yunnan.cn/system/2024/11/24/033312388.shtml,高,已完成
246,巧家小坪子光伏,巧家小坪子光伏发电站,30,云南省,昭通市,巧家县,,巧家小坪子光伏发电站,https://www.163.com/dy/article/IBKV7LCB0534BDCQ.html,30MW,https://www.163.com/dy/article/IBKV7LCB0534BDCQ.html,高,已完成
247,巧家新房子光伏,巧家新房子光伏发电站,100,云南省,昭通市,巧家县,马树镇,巧家新房子光伏发电站,http://www.cepca.org.cn/news/show-25403.html,100MW,http://www.cepca.org.cn/news/show-25403.html,高,已完成
248,鲁甸整县分布式光伏,鲁甸整县分布式光伏发电站,500,云南省,昭通市,鲁甸县,,鲁甸整县分布式光伏发电站,https://www.163.com/dy/article/GHV5CJA70511CVT1.html,500MW,https://www.163.com/dy/article/GHV5CJA70511CVT1.html,高,已完成
249,昌宁大沙坝光伏,昌宁大沙坝农业光伏发电站,150,云南省,保山市,昌宁县,更戛乡,昌宁大沙坝农业光伏发电站,https://guangfu.bjx.com.cn/news/20220426/1220947.shtml,150MW,https://guangfu.bjx.com.cn/news/20220426/1220947.shtml,高,已完成
250,昌宁田园茶光互补光伏,昌宁田园茶光互补光伏发电站,480,云南省,保山市,昌宁县,田园镇/漭水镇,昌宁田园茶光互补光伏发电站,https://guangfu.bjx.com.cn/news/20241025/1407000.shtml,480MW(48万kW规划),https://guangfu.bjx.com.cn/news/20241025/1407000.shtml,高,已完成
251,昌宁分布式光伏,昌宁分布式光伏发电站,9.1,云南省,保山市,昌宁县,,昌宁分布式光伏发电站,https://www.bidcenter.com.cn/newscontent-299632718-1.html,9.1MW,https://www.bidcenter.com.cn/newscontent-299632718-1.html,高,已完成
252,施甸分布式光伏,施甸分布式光伏发电站,6.7,云南省,保山市,施甸县,,施甸分布式光伏发电站,https://www.bidcenter.com.cn/newscontent-299632718-1.html,6.7MW,https://www.bidcenter.com.cn/newscontent-299632718-1.html,高,已完成
253,腾冲阿昌寨光伏,腾冲阿昌寨光伏发电站,,云南省,保山市,腾冲市,,腾冲阿昌寨光伏发电站,https://www.163.com/dy/article/JQCC8D9J0512C38J.html,,https://www.163.com/dy/article/JQCC8D9J0512C38J.html,高,已完成
254,腾冲曼海光伏,腾冲曼海光伏发电站,,云南省,保山市,腾冲市,,腾冲曼海光伏发电站,https://www.163.com/dy/article/JQCC8D9J0512C38J.html,,https://www.163.com/dy/article/JQCC8D9J0512C38J.html,高,已完成
255,腾冲小荒田复合光伏,腾冲小荒田复合光伏发电站,,云南省,保山市,腾冲市,,腾冲小荒田复合光伏发电站,https://www.163.com/dy/article/JQCC8D9J0512C38J.html,,https://www.163.com/dy/article/JQCC8D9J0512C38J.html,高,已完成
256,腾冲香菜田光伏,腾冲香菜田光伏发电站,,云南省,保山市,腾冲市,,腾冲香菜田光伏发电站,https://www.163.com/dy/article/JQCC8D9J0512C38J.html,,https://www.163.com/dy/article/JQCC8D9J0512C38J.html,高,已完成
257,腾冲启幕分布式光伏,腾冲启幕60MW分布式光伏发电站,60,云南省,保山市,腾冲市,,腾冲启幕60MW分布式光伏发电站,https://www.sohu.com/a/833470946_122066678,60MW,https://www.sohu.com/a/833470946_122066678,高,已完成
258,龙陵勐糯光伏,龙陵勐糯镇光伏发电站,50,云南省,保山市,龙陵县,勐糯镇,龙陵勐糯镇光伏发电站,https://www.kesolar.com/headline/4477.html,50MW,https://www.kesolar.com/headline/4477.html,高,已完成
259,龙陵隆基分布式光伏,龙陵产业园区屋顶分布式光伏发电站,18,云南省,保山市,龙陵县,,龙陵产业园区屋顶分布式光伏发电站,https://www.longling.gov.cn/info/5664/3946659.htm,18MW,https://www.longling.gov.cn/info/5664/3946659.htm,高,已完成
260,龙陵碧寨分布式光伏,龙陵碧寨乡分布式光伏发电站,5,云南省,保山市,龙陵县,碧寨乡,龙陵碧寨乡分布式光伏发电站,https://www.longling.gov.cn/info/8509/4075259.htm,5MW,https://www.longling.gov.cn/info/8509/4075259.htm,高,已完成
261,龙陵堵墩河光伏,龙陵堵墩河光伏发电站,,云南省,保山市,龙陵县,,龙陵堵墩河光伏发电站,https://www.163.com/dy/article/JQCC8D9J0512C38J.html,,https://www.163.com/dy/article/JQCC8D9J0512C38J.html,高,已完成
262,龙陵滥坝寨光伏,龙陵滥坝寨光伏发电站,,云南省,保山市,龙陵县,,龙陵滥坝寨光伏发电站,https://www.163.com/dy/article/JQCC8D9J0512C38J.html,,https://www.163.com/dy/article/JQCC8D9J0512C38J.html,高,已完成
263,元江邑拉光伏,元江邑拉农光互补光伏发电站,75,云南省,玉溪市,元江县,洼垤乡,元江邑拉农光互补光伏发电站,https://www.toutiao.com/article/7444870954284597799/,75MW,https://www.toutiao.com/article/7444870954284597799/,高,已完成
264,元江干坝光伏,元江干坝光伏发电站,,云南省,玉溪市,元江县,,元江干坝光伏发电站,https://guangfu.bjx.com.cn/news/20221018/1261751.shtml,,https://guangfu.bjx.com.cn/news/20221018/1261751.shtml,高,已完成
265,新平光伏,新平光伏发电站,269,云南省,玉溪市,新平县,漠沙镇/扬武镇,新平光伏发电站,https://guangfu.bjx.com.cn/news/20231101/1340521.shtml,269MW,https://guangfu.bjx.com.cn/news/20231101/1340521.shtml,高,已完成
266,新平双河村光伏,新平双河村光伏发电站,,云南省,玉溪市,新平县,,新平双河村光伏发电站,https://guangfu.bjx.com.cn/news/20221018/1261751.shtml,,https://guangfu.bjx.com.cn/news/20221018/1261751.shtml,高,已完成
267,红河县光伏,红河县迤萨镇光伏发电站,192,云南省,红河州,红河县,迤萨镇,红河县迤萨镇光伏发电站,https://so.html5.qq.com/page/real/search_news?docid=70000021_735684d1c8b77652,192MW,https://so.html5.qq.com/page/real/search_news?docid=70000021_735684d1c8b77652,高,已完成
268,瑞丽屋顶分布式光伏,瑞丽市屋顶分布式光伏发电站,260,云南省,德宏州,瑞丽市,,瑞丽市屋顶分布式光伏发电站,https://www.thepaper.cn/newsDetail_forward_26144584,260MW,https://www.thepaper.cn/newsDetail_forward_26144584,高,已完成
269,芒市东山光伏,芒市东山光伏发电站,33.1,云南省,德宏州,芒市,西山乡,芒市东山光伏发电站,http://www.dh.gov.cn/dhdpc/Web/_F0_0_61G6TSII8682BE9946D1445796.htm,33.1MW,http://www.dh.gov.cn/dhdpc/Web/_F0_0_61G6TSII8682BE9946D1445796.htm,高,已完成
270,芒市芒牛坝光伏,芒市芒牛坝光伏发电站,64.6,云南省,德宏州,芒市,三台山乡,芒市芒牛坝光伏发电站,http://www.dh.gov.cn/dhdpc/Web/_F0_0_61G6TSII8682BE9946D1445796.htm,64.6MW,http://www.dh.gov.cn/dhdpc/Web/_F0_0_61G6TSII8682BE9946D1445796.htm,高,已完成
271,芒市综合能源站光伏,芒市光储充放换综合能源站光伏发电系统,0.345,云南省,德宏州,芒市,,芒市光储充放换综合能源站光伏发电系统,http://www.yn.news.cn/20250503/31c136aba36444549d67bacc0f944f9f/c.html,345kW,http://www.yn.news.cn/20250503/31c136aba36444549d67bacc0f944f9f/c.html,高,已完成
272,玉龙文海雪花光伏,玉龙文海雪花光伏发电站,50,云南省,丽江市,玉龙县,,玉龙文海雪花光伏发电站,https://finance.sina.com.cn/roll/2024-12-19/doc-inczysvv6853204.shtml,50MW,https://finance.sina.com.cn/roll/2024-12-19/doc-inczysvv6853204.shtml,高,已完成
273,永胜红土地光伏,永胜红土地160MW光伏发电站,160,云南省,丽江市,永胜县,,永胜红土地160MW光伏发电站,http://www.lijiang.gov.cn/ljsrmzf/c102187/202308/ae651403a404440db6fe6f345e58b9ba.shtml,160MW,http://www.lijiang.gov.cn/ljsrmzf/c102187/202308/ae651403a404440db6fe6f345e58b9ba.shtml,高,已完成
274,玉龙头台里都光伏,玉龙头台里都复合型光伏发电站,60,云南省,丽江市,玉龙县,大具乡,玉龙头台里都复合型光伏发电站,https://14j.powerchina.cn/col/col809/art/2025/art_d3853b50acf04d63bff20164f3f4dc50.html,60MW,https://14j.powerchina.cn/col/col809/art/2025/art_d3853b50acf04d63bff20164f3f4dc50.html,高,已完成
275,永胜小火山光伏,永胜小火山光伏发电站,27,云南省,丽江市,永胜县,片角镇,永胜小火山光伏发电站,https://www.toutiao.com/article/7155380622540866061/,27MW,https://www.toutiao.com/article/7155380622540866061/,高,已完成
276,永胜期纳小湾光伏,永胜期纳小湾光伏发电站,96,云南省,丽江市,永胜县,期纳镇,永胜期纳小湾光伏发电站,https://www.toutiao.com/article/7155380622540866061/,96MW,https://www.toutiao.com/article/7155380622540866061/,高,已完成
277,宁蒗金姑窝子光伏,宁蒗金姑窝子复合型光伏发电站,60,云南省,丽江市,宁蒗县,宁利乡,宁蒗金姑窝子复合型光伏发电站,https://guangfu.bjx.com.cn/news/20230222/1290255.shtml,60MW,https://guangfu.bjx.com.cn/news/20230222/1290255.shtml,高,已完成
278,玉龙大坪坝二期光伏,玉龙大坪坝光伏发电站二期,130,云南省,丽江市,玉龙县,,玉龙大坪坝光伏发电站二期,https://guangfu.bjx.com.cn/news/20240729/1391720.shtml,130MW,https://guangfu.bjx.com.cn/news/20240729/1391720.shtml,高,已完成
279,宁蒗虫草山光伏,宁蒗虫草山光伏发电站,80,云南省,丽江市,宁蒗县,,宁蒗虫草山光伏发电站,https://guangfu.bjx.com.cn/news/20240729/1391720.shtml,80MW,https://guangfu.bjx.com.cn/news/20240729/1391720.shtml,高,已完成
280,宁蒗嘎尔村光伏,宁蒗嘎尔村光伏发电站,120,云南省,丽江市,宁蒗县,,宁蒗嘎尔村光伏发电站,https://guangfu.bjx.com.cn/news/20240729/1391720.shtml,120MW,https://guangfu.bjx.com.cn/news/20240729/1391720.shtml,高,已完成
281,师宗煤炭贸易园分布式光伏,师宗煤炭贸易园区分布式光伏发电站,17,云南省,曲靖市,师宗县,,师宗煤炭贸易园区分布式光伏发电站,https://www.kesolar.com/headline/241920.html,17MW,https://www.kesolar.com/headline/241920.html,高,已完成
282,师宗蒋家坡光伏,师宗蒋家坡光伏发电站,200,云南省,曲靖市,师宗县,,师宗蒋家坡光伏发电站,https://www.cpnn.com.cn/qiye/fadianPD2023/202308/t20230802_1623160.html,200MW,https://www.cpnn.com.cn/qiye/fadianPD2023/202308/t20230802_1623160.html,高,已完成
283,罗平富乐光伏,罗平富乐光伏发电站,85,云南省,曲靖市,罗平县,,罗平富乐光伏发电站,https://www.qj.gov.cn/html/2025/xqdt2_0124/271385.html,85MW,https://www.qj.gov.cn/html/2025/xqdt2_0124/271385.html,高,已完成
284,罗平上斗简光伏,罗平上斗简光伏发电站,65,云南省,曲靖市,罗平县,,罗平上斗简光伏发电站,https://www.qj.gov.cn/html/2025/xqdt2_0124/271385.html,65MW,https://www.qj.gov.cn/html/2025/xqdt2_0124/271385.html,高,已完成
285,罗平九龙光伏,罗平九龙光伏发电站,100,云南省,曲靖市,罗平县,,罗平九龙光伏发电站,https://www.sohu.com/a/881006687_122094388,100MW,https://www.sohu.com/a/881006687_122094388,高,已完成
286,罗平阿岗光伏,罗平阿岗光伏发电站,81.7,云南省,曲靖市,罗平县,,罗平阿岗光伏发电站,https://www.sohu.com/a/881006687_122094388,81.7MW,https://www.sohu.com/a/881006687_122094388,高,已完成
287,师宗蒋家坡光伏,师宗蒋家坡光伏发电站,200,云南省,曲靖市,师宗县,,师宗蒋家坡光伏发电站,https://www.cpnn.com.cn/qiye/fadianPD2023/202308/t20230802_1623160.html,200MW,https://www.cpnn.com.cn/qiye/fadianPD2023/202308/t20230802_1623160.html,高,已完成
288,华宁宁州葫芦地光伏,华宁宁州葫芦地光伏发电站,60,云南省,玉溪市,华宁县,盘溪镇,华宁宁州葫芦地光伏发电站,https://www.toutiao.com/article/7343056430355743282/,60MW,https://www.toutiao.com/article/7343056430355743282/,高,已完成
289,华宁向阳光伏,华宁向阳光伏发电站,50,云南省,玉溪市,华宁县,,华宁向阳光伏发电站,http://www.gdtzb.com/g-nzj-53585.html,50MW,http://www.gdtzb.com/g-nzj-53585.html,高,已完成
290,通海里山分布式光伏,通海里山彝族乡分布式光伏发电站,39,云南省,玉溪市,通海县,里山彝族乡,通海里山彝族乡分布式光伏发电站,https://www.tonghai.gov.cn/thxzfxxgk/zdgz/20250110/1579101.html,39MW,https://www.tonghai.gov.cn/thxzfxxgk/zdgz/20250110/1579101.html,高,已完成
291,江川农业光伏,江川农业光伏发电站,100,云南省,玉溪市,江川区,,江川农业光伏发电站,https://www.energytrend.cn/news/20150529-11668.html,100MW,https://www.energytrend.cn/news/20150529-11668.html,高,已完成
292,江川屋顶分布式光伏,江川屋顶分布式光伏发电站,45.77,云南省,玉溪市,江川区,,江川屋顶分布式光伏发电站,http://yuxinet.cn/c/2024/09/13/950150.shtml,45.77MW,http://yuxinet.cn/c/2024/09/13/950150.shtml,高,已完成
293,澄江分布式光伏一期,澄江市分布式光伏发电站一期,8.746,云南省,玉溪市,澄江市,,澄江市分布式光伏发电站一期,https://www.chinamae.com/purchases/52315fa514ba0b93d0c198bb189bb323,8.746MW,https://www.chinamae.com/purchases/52315fa514ba0b93d0c198bb189bb323,高,已完成
294,广南黑支果光伏,广南黑支果乡光伏发电站,300,云南省,文山州,广南县,黑支果乡,广南黑支果乡光伏发电站,https://www.toutiao.com/article/7444944435530318388/,300MW,https://www.toutiao.com/article/7444944435530318388/,高,已完成
295,牟定戌街222MW光伏,牟定戌街乡222MW光伏发电站,222,云南省,楚雄州,牟定县,戌街乡,牟定戌街乡光伏发电站,https://www.163.com/dy/article/HD7DV4H10532RZJ6.html,222MW,https://www.163.com/dy/article/HD7DV4H10532RZJ6.html,高,已完成
296,牟定安乐152MW光伏,牟定安乐乡152MW光伏发电站,152,云南省,楚雄州,牟定县,安乐乡,牟定安乐乡光伏发电站,https://www.163.com/dy/article/HD7DV4H10532RZJ6.html,152MW,https://www.163.com/dy/article/HD7DV4H10532RZJ6.html,高,已完成
297,牟定秧田箐光伏,牟定秧田箐光伏发电站,90,云南省,楚雄州,牟定县,戌街乡,牟定秧田箐光伏发电站,https://www.cinn.cn/p/357744.html,90MW,https://www.cinn.cn/p/357744.html,高,已完成
298,牟定旧村40MW光伏,牟定旧村40MW光伏发电站,40,云南省,楚雄州,牟定县,戌街乡/凤屯镇,牟定旧村40MW光伏发电站,https://newenergy.in-en.com/html/newenergy-2449372.shtml,40MW,https://newenergy.in-en.com/html/newenergy-2449372.shtml,高,已完成
299,牟定光伏王小村,牟定王小村光伏发电站,60,云南省,楚雄州,牟定县,,牟定王小村光伏发电站,http://www.gdtzb.com/g-nzj-80183.html,60MW,http://www.gdtzb.com/g-nzj-80183.html,高,已完成
300,牟定光伏光热,牟定光伏光热复合发电站,10,云南省,楚雄州,牟定县,,牟定光伏光热复合发电站,https://www.mmsonline.com.cn/info/134389.shtml,10MW,https://www.mmsonline.com.cn/info/134389.shtml,中,待核实
301,石屏村级扶贫光伏,石屏县31个村级光伏扶贫电站,3.1,云南省,红河州,石屏县,31个贫困村,石屏县村级光伏扶贫电站,http://guangfu.bjx.com.cn/news/20191231/1032707.shtml,3.1MW,http://guangfu.bjx.com.cn/news/20191231/1032707.shtml,高,已完成
302,禄劝农光互补光伏,禄劝农光互补光伏发电站,338,云南省,昆明市,禄劝县,,禄劝农光互补光伏发电站,https://www.sohu.com/a/877837745_121613636,338MW,https://www.sohu.com/a/877837745_121613636,高,已完成
303,景谷永平倮练光伏,景谷永平倮练村复合光伏发电站,45,云南省,普洱市,景谷县,永平镇,景谷永平倮练村复合光伏发电站,https://www.kesolar.com/headline/268998.html,45MW,https://www.kesolar.com/headline/268998.html,高,已完成
304,鲁甸龙头山光伏,鲁甸龙头山镇复合型光伏发电站,208,云南省,昭通市,鲁甸县,龙头山镇,鲁甸龙头山镇复合型光伏发电站,https://guangfu.bjx.com.cn/news/20240930/1403245.shtml,208MW,https://guangfu.bjx.com.cn/news/20240930/1403245.shtml,高,已完成
305,会泽火红马路光伏,会泽火红马路复合型光伏发电站,150,云南省,曲靖市,会泽县,,会泽火红马路复合型光伏发电站,https://www.sohu.com/a/670625624_120017618,150MW,https://www.sohu.com/a/670625624_120017618,高,已完成
306,施甸施甸中光伏,施甸施甸中100MW农光互补光伏发电站,100,云南省,保山市,施甸县,何元乡,施甸施甸中100MW农光互补光伏发电站,https://so.html5.qq.com/page/real/search_news?docid=70000021_102619f426870752,100MW,https://so.html5.qq.com/page/real/search_news?docid=70000021_102619f426870752,高,已完成
307,宜良整县分布式光伏,宜良整县屋顶分布式光伏发电站,115,云南省,昆明市,宜良县,,宜良整县屋顶分布式光伏发电站,https://www.163.com/dy/article/GT4N22AS0514R9NO.html,115MW,https://www.163.com/dy/article/GT4N22AS0514R9NO.html,高,已完成
308,石林整县分布式光伏,石林整县屋顶分布式光伏发电站,76.6,云南省,昆明市,石林县,,石林整县屋顶分布式光伏发电站,https://guangfu.bjx.com.cn/news/20220810/1247310.shtml,76.6MW,https://guangfu.bjx.com.cn/news/20220810/1247310.shtml,高,已完成
309,盈江整县分布式光伏,盈江整县分布式光伏发电站,100,云南省,德宏州,盈江县,,盈江整县分布式光伏发电站,https://guangfu.bjx.com.cn/news/20230922/1333592.shtml,100MW,https://guangfu.bjx.com.cn/news/20230922/1333592.shtml,高,已完成
310,楚雄市整县分布式光伏,楚雄市整县屋顶分布式光伏发电站,266,云南省,楚雄州,楚雄市,,楚雄市整县屋顶分布式光伏发电站,https://www.kesolar.com/headline/253923.html,266MW,https://www.kesolar.com/headline/253923.html,高,已完成
311,师宗漾月火草坡光伏,师宗漾月火草坡光伏发电站,200,云南省,曲靖市,师宗县,漾月街道,师宗漾月火草坡光伏发电站,https://guangfu.bjx.com.cn/news/20150317/598602.shtml,200MW,https://guangfu.bjx.com.cn/news/20150317/598602.shtml,高,已完成
312,景谷和平村光伏,景谷和平村光伏发电站,60,云南省,普洱市,景谷县,益智乡,景谷和平村光伏发电站,https://yn.yunnan.cn/system/2025/04/11/033446667.shtml,60MW(交流)/73.4MW(直流),https://yn.yunnan.cn/system/2025/04/11/033446667.shtml,高,已完成
313,景谷正兴镇光伏,景谷正兴镇光伏发电站,35,云南省,普洱市,景谷县,正兴镇,景谷正兴镇光伏发电站,https://yn.yunnan.cn/system/2025/04/11/033446667.shtml,35MW(交流)/42.9MW(直流),https://yn.yunnan.cn/system/2025/04/11/033446667.shtml,高,已完成
314,景谷民乐镇光伏,景谷民乐镇茶光互补光伏发电站,50,云南省,普洱市,景谷县,民乐镇嘎胡村,景谷民乐镇茶光互补光伏发电站,https://finance.sina.com.cn/roll/2024-07-22/doc-inceytiy2179577.shtml,50MW,https://finance.sina.com.cn/roll/2024-07-22/doc-inceytiy2179577.shtml,高,已完成
315,镇沅新田农光互补光伏,镇沅新田农光互补光伏发电站,120,云南省,普洱市,镇沅县,者东镇,镇沅新田农光互补光伏发电站,https://www.sohu.com/a/844435710_121486622,120MW,https://www.sohu.com/a/844435710_121486622,高,已完成
316,镇沅麻羊寨光伏,镇沅麻羊寨光伏发电站,20,云南省,普洱市,镇沅县,勐大镇,镇沅麻羊寨光伏发电站,http://www.pezhenyuan.gov.cn/info/22034/373601.htm,20MW,http://www.pezhenyuan.gov.cn/info/22034/373601.htm,高,已完成
317,镇沅下脚马复合光伏,镇沅下脚马复合光伏发电站,20,云南省,普洱市,镇沅县,,镇沅下脚马复合光伏发电站,https://www.puershi.gov.cn/info/14291/1561472.htm,20MW,https://www.puershi.gov.cn/info/14291/1561472.htm,高,已完成
318,永仁宜莲光伏,永仁宜莲复合型光伏发电站,300,云南省,楚雄州,永仁县,莲池乡/宜就镇,永仁宜莲复合型光伏发电站,http://www.yr.gov.cn/info/1664/64554.htm,300MW,http://www.yr.gov.cn/info/1664/64554.htm,高,已完成
319,景东漫湾镇江边光伏,景东漫湾镇江边光伏发电站,100.5,云南省,普洱市,景东县,漫湾镇,景东漫湾镇江边光伏发电站,https://www.163.com/dy/article/IB8T4R15055634Q8.html,100.5MWp,https://www.163.com/dy/article/IB8T4R15055634Q8.html,高,已完成
320,南华独田箐光伏,南华独田箐90MW光伏发电站,90,云南省,楚雄州,南华县,,南华独田箐90MW光伏发电站,https://finance.sina.com.cn/jjxw/2024-07-05/doc-inccccrx7086614.shtml,90MW,https://finance.sina.com.cn/jjxw/2024-07-05/doc-inccccrx7086614.shtml,高,已完成
321,南华罗武庄光伏,南华罗武庄光伏发电站,240,云南省,楚雄州,南华县,罗武庄乡,南华罗武庄光伏发电站,https://www.sohu.com/a/791639539_752796,240MW,https://www.sohu.com/a/791639539_752796,高,已完成
322,武定大新庄光伏,武定大新庄光伏发电站,40,云南省,楚雄州,武定县,,武定大新庄光伏发电站,https://www.nengyuanjie.net/article/92054.html,40MW,https://www.nengyuanjie.net/article/92054.html,高,已完成
323,武定上碗厂光伏,武定上碗厂光伏发电站,40,云南省,楚雄州,武定县,,武定上碗厂光伏发电站,https://www.nengyuanjie.net/article/92054.html,40MW,https://www.nengyuanjie.net/article/92054.html,高,已完成
324,武定小石板沟光伏,武定小石板沟光伏发电站,25,云南省,楚雄州,武定县,,武定小石板沟光伏发电站,https://www.nengyuanjie.net/article/92054.html,25MW,https://www.nengyuanjie.net/article/92054.html,高,已完成
325,嵩明凤凰山药光互补光伏,嵩明凤凰山药光互补光伏发电站,200,云南省,昆明市,嵩明县,嵩阳街道,嵩明凤凰山药光互补光伏发电站,https://www.163.com/dy/article/J6NRLDO205565EU3.html,200MW(交流)/240MW(直流),https://www.163.com/dy/article/J6NRLDO205565EU3.html,高,已完成
326,嵩明阿里塘光伏一期,嵩明阿里塘光伏发电站一期,140,云南省,昆明市,嵩明县,牛栏江镇,嵩明阿里塘光伏发电站一期,https://mguangfu.bjx.com.cn/mnews/20250122/1424037.shtml,140MW,https://mguangfu.bjx.com.cn/mnews/20250122/1424037.shtml,高,已完成
327,马龙竹园光伏,马龙竹园光伏发电站,50,云南省,曲靖市,马龙区,旧县街道/月望乡,马龙竹园光伏发电站,https://www.sohu.com/a/892153250_122066675,50MW,https://www.sohu.com/a/892153250_122066675,高,已完成
328,马龙新屯光伏,马龙新屯光伏发电站,30,云南省,曲靖市,马龙区,王家庄镇,马龙新屯光伏发电站,https://www.sohu.com/a/981273470_120988533,30MW,https://www.sohu.com/a/981273470_120988533,高,已完成
329,耿马大兴周家寨光伏,耿马大兴周家寨复合型光伏发电站,200,云南省,临沧市,耿马县,大兴乡,耿马大兴周家寨复合型光伏发电站,https://www.163.com/dy/article/J5H565N005565EU3.html,200MW,https://www.163.com/dy/article/J5H565N005565EU3.html,高,已完成
330,耿马四排山光伏,耿马四排山光伏发电站,150,云南省,临沧市,耿马县,四排山乡,耿马四排山光伏发电站,https://guangfu.bjx.com.cn/news/20240111/1355356.shtml,150MW(含二期),https://guangfu.bjx.com.cn/news/20240111/1355356.shtml,高,已完成
331,耿马整县分布式光伏,耿马整县屋顶分布式光伏发电站,106,云南省,临沧市,耿马县,,耿马整县屋顶分布式光伏发电站,https://power.in-en.com/html/power-2400108.shtml,106MW,https://power.in-en.com/html/power-2400108.shtml,高,已完成
332,永德勐板乡光伏,永德勐板乡农光互补光伏发电站,55,云南省,临沧市,永德县,勐板乡,永德勐板乡农光互补光伏发电站,https://www.kesolar.com/headline/280554.html,55MW,https://www.kesolar.com/headline/280554.html,高,已完成
333,弥渡木古兰农光互补光伏,弥渡木古兰农光互补光伏发电站,40,云南省,大理州,弥渡县,苴力镇,弥渡木古兰农光互补光伏发电站,http://yn.people.com.cn/n2/2023/1009/c372451-40596895.html,40MW,http://yn.people.com.cn/n2/2023/1009/c372451-40596895.html,高,已完成
334,弥渡长坡岭光伏,弥渡长坡岭荒山光伏发电站,30,云南省,大理州,弥渡县,,弥渡长坡岭荒山光伏发电站,https://yndaily.yunnan.cn/content/202212/20/content_111389.html,30MW,https://yndaily.yunnan.cn/content/202212/20/content_111389.html,高,已完成
335,弥渡德苴二期光伏,弥渡德苴二期复合型光伏发电站,80,云南省,大理州,弥渡县,德苴乡,弥渡德苴二期复合型光伏发电站,https://www.toutiao.com/article/7483313210494386714/,80MW,https://www.toutiao.com/article/7483313210494386714/,高,已完成
336,祥云鹿鸣小营光伏,祥云鹿鸣乡小营村复合型光伏发电站,56.5,云南省,大理州,祥云县,鹿鸣乡,祥云鹿鸣乡小营村复合型光伏发电站,https://mguangfu.bjx.com.cn/mnews/20220705/1238799.shtml,56.5MW,https://mguangfu.bjx.com.cn/mnews/20220705/1238799.shtml,高,已完成
337,祥云雄里坡光伏,祥云雄里坡(普淜)复合型光伏发电站,100,云南省,大理州,祥云县,普淜镇,祥云雄里坡(普淜)复合型光伏发电站,https://society.yunnan.cn/system/2022/07/29/032209195.shtml,100MW,https://society.yunnan.cn/system/2022/07/29/032209195.shtml,高,已完成
338,鹤庆均华光伏,鹤庆均华光伏电站(井东湾),120,云南省,大理州,鹤庆县,黄坪镇,鹤庆均华光伏电站(井东湾),http://www.cepca.org.cn/news/show-19630.html,120MW,http://www.cepca.org.cn/news/show-19630.html,高,已完成
339,鹤庆水坪光伏,鹤庆水坪村农光互补光伏发电站,60,云南省,大理州,鹤庆县,黄坪镇,鹤庆水坪村农光互补光伏发电站,https://www.cpnn.com.cn/news/xny/202404/t20240403_1690467.html,60MW,https://www.cpnn.com.cn/news/xny/202404/t20240403_1690467.html,高,已完成
340,鹤庆松桂光伏,鹤庆松桂光伏发电站,80,云南省,大理州,鹤庆县,松桂镇,鹤庆松桂光伏发电站,https://new.qq.com/rain/a/20250523A0857L00,80MW,https://new.qq.com/rain/a/20250523A0857L00,高,已完成
341,建水南庄光伏,建水南庄光伏发电站,300,云南省,红河州,建水县,南庄镇/羊街乡,建水南庄光伏发电站,http://solar.in-en.com/html/solar-2242193.shtml,300MW,http://solar.in-en.com/html/solar-2242193.shtml,高,已完成
342,个旧分布式光伏,个旧市分布式光伏发电站,15.374,云南省,红河州,个旧市,,个旧市分布式光伏发电站,https://www.kesolar.com/headline/275041.html,15.374MW,https://www.kesolar.com/headline/275041.html,高,已完成
343,个旧云锡尾矿库光伏,个旧云锡尾矿库分布式光伏发电站,160,云南省,红河州,个旧市,,个旧云锡尾矿库分布式光伏发电站,http://union.china.com.cn/txt/2022-03/30/content_41921771.html,160MW,http://union.china.com.cn/txt/2022-03/30/content_41921771.html,高,已完成
344,昌宁大沙坝光伏,昌宁大沙坝光伏发电站,150,云南省,保山市,昌宁县,鸡飞乡,昌宁大沙坝光伏发电站,https://news.sina.com.cn/zx/gj/2024-06-24/doc-inazuxrm0872804.shtml,150MW,https://news.sina.com.cn/zx/gj/2024-06-24/doc-inazuxrm0872804.shtml,高,已完成
345,隆阳蒲缥光伏,隆阳蒲缥光伏发电站,400,云南省,保山市,隆阳区,蒲缥镇,隆阳蒲缥光伏发电站,https://www.seetao.com/details/152174.html,400MW,https://www.seetao.com/details/152174.html,高,已完成
346,隆阳横山光伏,隆阳横山光伏发电站,150,云南省,保山市,隆阳区,,隆阳横山光伏发电站,https://www.seetao.com/details/152174.html,150MW,https://www.seetao.com/details/152174.html,高,已完成
347,隆阳杨柳光伏,隆阳杨柳光伏发电站,200,云南省,保山市,隆阳区,杨柳乡,隆阳杨柳光伏发电站,https://www.seetao.com/details/152174.html,200MW,https://www.seetao.com/details/152174.html,高,已完成
348,施甸木瓜山光伏,施甸木瓜山光伏发电站,30,云南省,保山市,施甸县,,施甸木瓜山光伏发电站,https://www.solarbe.com/news/201408/20/211979.html,30MW,https://www.solarbe.com/news/201408/20/211979.html,高,已完成
349,腾冲启幕60MW分布式,腾冲启幕60MW分布式光伏发电站,60,云南省,保山市,腾冲市,,腾冲启幕60MW分布式光伏发电站,https://www.sohu.com/a/833470946_122066678,60MW,https://www.sohu.com/a/833470946_122066678,高,已完成
350,腾冲腾森牛棚光伏,腾冲腾森牛棚60MW分布式光伏发电站,60,云南省,保山市,腾冲市,,腾冲腾森牛棚60MW分布式光伏发电站,https://www.163.com/dy/article/JILCCPEA05565EU3.html,60MW,https://www.163.com/dy/article/JILCCPEA05565EU3.html,高,已完成
351,巧家海坝光伏,巧家海坝240MW光伏发电站,240,云南省,昭通市,巧家县,,巧家海坝240MW光伏发电站,https://guangfu.bjx.com.cn/news/20220826/1251017.shtml,240MW,https://guangfu.bjx.com.cn/news/20220826/1251017.shtml,高,已完成
352,巧家小坪子光伏,巧家小坪子30MW光伏发电站,30,云南省,昭通市,巧家县,,巧家小坪子30MW光伏发电站,https://www.163.com/dy/article/IBKV7LCB0534BDCQ.html,30MW,https://www.163.com/dy/article/IBKV7LCB0534BDCQ.html,高,已完成
353,巧家新房子光伏,巧家新房子100MW光伏发电站,100,云南省,昭通市,巧家县,马树镇,巧家新房子100MW光伏发电站,https://www.163.com/dy/article/J5PQP4C70534BDCQ.html,100MW,https://www.163.com/dy/article/J5PQP4C70534BDCQ.html,高,已完成
354,巧家羊窝头光伏,巧家羊窝头65MW光伏发电站,65,云南省,昭通市,巧家县,,巧家羊窝头65MW光伏发电站,https://guangfu.bjx.com.cn/news/20241125/1412701.shtml,65MW,https://guangfu.bjx.com.cn/news/20241125/1412701.shtml,高,已完成
355,巧家八棵树光伏,巧家八棵树70MW光伏发电站,70,云南省,昭通市,巧家县,,巧家八棵树70MW光伏发电站,https://guangfu.bjx.com.cn/news/20241125/1412701.shtml,70MW,https://guangfu.bjx.com.cn/news/20241125/1412701.shtml,高,已完成
356,巧家绿荫塘光伏,巧家绿荫塘150MW光伏发电站,150,云南省,昭通市,巧家县,,巧家绿荫塘150MW光伏发电站,https://guangfu.bjx.com.cn/news/20241125/1412701.shtml,150MW,https://guangfu.bjx.com.cn/news/20241125/1412701.shtml,高,已完成
357,大关太华光伏,大关太华光伏发电站,140,云南省,昭通市,大关县,高桥镇,大关太华光伏发电站,https://www.energytrend.cn/news/20250311-141268.html,140MW,https://www.energytrend.cn/news/20250311-141268.html,高,已完成
358,丘北双羊洞光伏,丘北双羊洞光伏发电站,120,云南省,文山州,丘北县,舍得彝族乡/曰者镇,丘北双羊洞光伏发电站,http://wenshan.yunnan.cn/system/2024/12/29/033350613.shtml,120MW,http://wenshan.yunnan.cn/system/2024/12/29/033350613.shtml,高,已完成
359,丘北干龙塘光伏,丘北干龙塘光伏发电站,60,云南省,文山州,丘北县,腻脚乡,丘北干龙塘光伏发电站,https://so.html5.qq.com/page/real/search_news?docid=70000021_009695e2b0f35452,60MW,https://so.html5.qq.com/page/real/search_news?docid=70000021_009695e2b0f35452,高,已完成
360,芒市整市屋顶分布式光伏,芒市整市屋顶分布式光伏发电站,75,云南省,德宏州,芒市,,芒市整市屋顶分布式光伏发电站,https://dehong.yunnan.cn/system/2021/11/23/031782770.shtml,75MW,https://dehong.yunnan.cn/system/2021/11/23/031782770.shtml,高,已完成
361,芒市平河光伏,芒市平河光伏发电站,50,云南省,德宏州,芒市,风平镇,芒市平河光伏发电站,https://yndaily.yunnan.cn/content/202212/22/content_111731.html,50MW,https://yndaily.yunnan.cn/content/202212/22/content_111731.html,高,已完成
362,盈江新莲光伏,盈江新莲光伏发电站,64,云南省,德宏州,盈江县,,盈江新莲光伏发电站,https://www.in-en.com/article/html/energy-2337052.shtml,64MW,https://www.in-en.com/article/html/energy-2337052.shtml,高,已完成
363,盈江太平农业光伏,盈江太平镇农业光伏发电站,111,云南省,德宏州,盈江县,太平镇,盈江太平镇农业光伏发电站,http://www.eptchina.com/news/energy202301045679.html,111MW,http://www.eptchina.com/news/energy202301045679.html,高,已完成
364,梁河村级光伏扶贫电站,梁河县25座村级光伏扶贫电站,11.338,云南省,德宏州,梁河县,8个乡镇,梁河县25座村级光伏扶贫电站,https://cn.chinadaily.com.cn/a/201905/08/WS5cd2393ba310e7f8b157b732.html,11.338MW,https://cn.chinadaily.com.cn/a/201905/08/WS5cd2393ba310e7f8b157b732.html,高,已完成
365,会泽轿子光伏,会泽轿子光伏发电站,50,云南省,曲靖市,会泽县,,会泽轿子光伏发电站,https://www.sohu.com/a/998593284_121106902,50MW,https://www.sohu.com/a/998593284_121106902,高,已完成
366,会泽银匠光伏,会泽银匠复合型光伏发电站,160,云南省,曲靖市,会泽县,大井镇/者海镇/雨碌乡,会泽银匠复合型光伏发电站,https://www.toutiao.com/article/7493745264079979017,160MW,https://www.toutiao.com/article/7493745264079979017,高,已完成
367,华宁宁州葫芦地光伏,华宁宁州葫芦地光伏发电站,60,云南省,玉溪市,华宁县,盘溪镇,华宁宁州葫芦地光伏发电站,https://mguangfu.bjx.com.cn/mnews/20221109/1267447.shtml,60MW,https://mguangfu.bjx.com.cn/mnews/20221109/1267447.shtml,高,已完成
368,华宁山后光伏,华宁山后光伏发电站,60,云南省,玉溪市,华宁县,盘溪镇,华宁山后光伏发电站,https://news.sohu.com/a/534662258_418320,60MW,https://news.sohu.com/a/534662258_418320,高,已完成
369,华宁大龙潭光伏,华宁大龙潭光伏发电站,10,云南省,玉溪市,华宁县,宁州街道,华宁大龙潭光伏发电站,https://news.sohu.com/a/534662258_418320,10MW,https://news.sohu.com/a/534662258_418320,高,已完成
370,华宁路脉喜光伏,华宁路脉喜光伏发电站,10,云南省,玉溪市,华宁县,宁州街道,华宁路脉喜光伏发电站,https://news.sohu.com/a/534662258_418320,10MW,https://news.sohu.com/a/534662258_418320,高,已完成
371,华宁向阳光伏,华宁向阳50MW光伏发电站,50,云南省,玉溪市,华宁县,,华宁向阳50MW光伏发电站,http://www.gdtzb.com/g-nzj-53585.html,50MW,http://www.gdtzb.com/g-nzj-53585.html,高,已完成
372,峨山甸中昔古牙光伏,峨山甸中镇昔古牙农光互补光伏发电站,300,云南省,玉溪市,峨山县,甸中镇,峨山甸中镇昔古牙农光互补光伏发电站,https://guangfu.bjx.com.cn/news/20220922/1256685.shtml,300MW,https://guangfu.bjx.com.cn/news/20220922/1256685.shtml,高,已完成
373,孟连哈尼村复合光伏,孟连哈尼村复合光伏发电站,30,云南省,普洱市,孟连县,娜允镇,孟连哈尼村复合光伏发电站,https://www.kesolar.com/headline/257742.html,30MW,https://www.kesolar.com/headline/257742.html,高,已完成
374,景东江边帕岭光伏,景东江边帕岭光伏发电站,78,云南省,普洱市,景东县,漫湾镇,景东江边帕岭光伏发电站,https://finance.sina.com.cn/jjxw/2023-01-20/doc-imyauwyq5427691.shtml,78MW,https://finance.sina.com.cn/jjxw/2023-01-20/doc-imyauwyq5427691.shtml,高,已完成
375,墨江栖马村光伏,墨江联珠镇栖马村集中式光伏发电站,235,云南省,普洱市,墨江县,联珠镇,墨江联珠镇栖马村集中式光伏发电站,https://new.qq.com/rain/a/20250207A06B8800,235MW,https://new.qq.com/rain/a/20250207A06B8800,高,已完成
376,墨江碧溪光伏,墨江碧溪茶光互补光伏发电站,235,云南省,普洱市,墨江县,碧溪镇,墨江碧溪茶光互补光伏发电站,https://so.html5.qq.com/page/real/search_news?docid=70000021_8936835633036652,235MW,https://so.html5.qq.com/page/real/search_news?docid=70000021_8936835633036652,高,已完成
377,墨江龙坝光伏,墨江龙坝镇光伏发电站,205,云南省,普洱市,墨江县,龙坝镇,墨江龙坝镇光伏发电站,https://www.sohu.com/a/990664806_121106902,205MW,https://www.sohu.com/a/990664806_121106902,高,已完成
378,澜沧芒弄村光伏,澜沧芒弄村茶光互补光伏发电站,60,云南省,普洱市,澜沧县,,澜沧芒弄村茶光互补光伏发电站,https://so.html5.qq.com/page/real/search_news?docid=70000021_9836830691902752,60MW,https://so.html5.qq.com/page/real/search_news?docid=70000021_9836830691902752,高,已完成
379,永仁秀田光伏,永仁秀田光伏发电站一期,20,云南省,楚雄州,永仁县,,永仁秀田光伏发电站一期,http://www.cpnn.com.cn/dianli/dljs/gczxun/201312/t20131209_1261771.html,20MW,http://www.cpnn.com.cn/dianli/dljs/gczxun/201312/t20131209_1261771.html,高,已完成
380,元谋平新光伏,元谋平新光伏发电站,450,云南省,楚雄州,元谋县,平田乡/新华乡,元谋平新光伏发电站,https://finance.sina.com.cn/enterprise/central/2023-12-22/doc-imzywsmv3961939.shtml,450MW,https://finance.sina.com.cn/enterprise/central/2023-12-22/doc-imzywsmv3961939.shtml,高,已完成
381,永仁杨家湾子光伏,永仁杨家湾子光伏发电站,188,云南省,楚雄州,永仁县,永兴乡,永仁杨家湾子光伏发电站,https://finance.sina.com.cn/enterprise/central/2023-12-22/doc-imzywsmv3961939.shtml,188MW,https://finance.sina.com.cn/enterprise/central/2023-12-22/doc-imzywsmv3961939.shtml,高,已完成
382,大姚李家庄光伏,大姚李家庄光伏发电站,100,云南省,楚雄州,大姚县,桂花镇/湾碧乡,大姚李家庄光伏发电站,https://finance.sina.com.cn/enterprise/central/2023-12-22/doc-imzywsmv3961939.shtml,100MW,https://finance.sina.com.cn/enterprise/central/2023-12-22/doc-imzywsmv3961939.shtml,高,已完成
383,永仁班别鸡田潘古里光伏,永仁班别鸡田潘古里光伏发电站,140,云南省,楚雄州,永仁县,维的乡,永仁班别鸡田潘古里光伏发电站,https://new.qq.com/rain/a/20251120A05O3C00,140MW,https://new.qq.com/rain/a/20251120A05O3C00,高,已完成
384,大姚52.3万千瓦光伏基地,大姚52.3万千瓦光伏基地,523,云南省,楚雄州,大姚县,石羊镇/新街镇,大姚52.3万千瓦光伏基地,https://www.yndaily.com/html/2024/yunxinwen_0709/126744.html,523MW,https://www.yndaily.com/html/2024/yunxinwen_0709/126744.html,高,已完成
385,双柏干海资光伏,双柏大庄镇干海资复合光伏发电站,200,云南省,楚雄州,双柏县,大庄镇,双柏大庄镇干海资复合光伏发电站,http://vip.people.com.cn/albumsDetail?aid=1775055&pid=12964742,200MW,http://vip.people.com.cn/albumsDetail?aid=1775055&pid=12964742,高,已完成
386,南涧母麦地光伏,南涧母麦地光伏发电站,70,云南省,大理州,南涧县,乐秋乡/南涧镇/拥翠乡/宝华镇,南涧母麦地光伏发电站,https://dali.yunnan.cn/system/2024/07/03/033128115.shtml,70MW,https://dali.yunnan.cn/system/2024/07/03/033128115.shtml,高,已完成
387,南涧母子垦打雷山光伏,南涧母子垦打雷山光伏发电站,12.29,云南省,大理州,南涧县,宝华镇/拥翠乡,南涧母子垦打雷山光伏发电站,http://yn.zhongguozhaoshang.com/item/2607,12.29MWp,http://yn.zhongguozhaoshang.com/item/2607,高,已完成
388,宾川老鹰岩光伏,宾川老鹰岩光伏发电站,210,云南省,大理州,宾川县,大营镇,宾川老鹰岩光伏发电站,http://yn.news.cn/hot/2021-11/25/c_1310331845.htm,210MW(全系列21万千瓦),http://yn.news.cn/hot/2021-11/25/c_1310331845.htm,高,已完成
389,宾川西村光伏,宾川西村光伏发电站,100,云南省,大理州,宾川县,,宾川西村光伏发电站,http://solar.in-en.com/html/solar-2238194.shtml,100MW,http://solar.in-en.com/html/solar-2238194.shtml,高,已完成
390,巍山青云光伏,巍山青云光伏发电站,50,云南省,大理州,巍山县,马鞍山乡,巍山青云光伏发电站,https://guangfu.bjx.com.cn/news/20230310/1293914.shtml,50MW,https://guangfu.bjx.com.cn/news/20230310/1293914.shtml,高,已完成
391,宁蒗木香坪光伏,宁蒗木香坪光伏发电站,56,云南省,丽江市,宁蒗县,,宁蒗木香坪光伏发电站,https://k.sina.com.cn/article_1699432410_654b47da020017ep8.html,56MW,https://k.sina.com.cn/article_1699432410_654b47da020017ep8.html,高,已完成
392,宁蒗分水岭光伏,宁蒗分水岭光伏发电站,70,云南省,丽江市,宁蒗县,,宁蒗分水岭光伏发电站,https://k.sina.com.cn/article_1699432410_654b47da020017ep8.html,70MW,https://k.sina.com.cn/article_1699432410_654b47da020017ep8.html,高,已完成
393,宁蒗银厂沟光伏,宁蒗银厂沟复合型光伏发电站,70,云南省,丽江市,宁蒗县,,宁蒗银厂沟复合型光伏发电站,https://www.163.com/dy/article/JKVIDEAV05565EU3.html,70MW,https://www.163.com/dy/article/JKVIDEAV05565EU3.html,高,已完成
394,宁蒗金姑窝子光伏,宁蒗金姑窝子复合型光伏发电站,60,云南省,丽江市,宁蒗县,宁利乡,宁蒗金姑窝子复合型光伏发电站,https://mguangfu.bjx.com.cn/mnews/20230222/1290255.shtml,60MW,https://mguangfu.bjx.com.cn/mnews/20230222/1290255.shtml,高,已完成
395,宁蒗白草坪光伏,宁蒗白草坪光伏发电站,40,云南省,丽江市,宁蒗县,,宁蒗白草坪光伏发电站,https://so.html5.qq.com/page/real/search_news?docid=70000021_84668f44d0c76652,40MW,https://so.html5.qq.com/page/real/search_news?docid=70000021_84668f44d0c76652,高,已完成
396,宁蒗三股水光伏,宁蒗三股水光伏发电站,108,云南省,丽江市,宁蒗县,蝉战河乡,宁蒗三股水光伏发电站,https://guangfu.bjx.com.cn/news/20240628/1385831.shtml,108MW,https://guangfu.bjx.com.cn/news/20240628/1385831.shtml,高,已完成
397,宁蒗泸沽湖机场光伏,宁蒗泸沽湖机场光伏发电站,2.13,云南省,丽江市,宁蒗县,,宁蒗泸沽湖机场光伏发电站,https://solar.in-en.com/html/solar-2448596.shtml,2.13MW,https://solar.in-en.com/html/solar-2448596.shtml,高,已完成
398,华坪楠木光伏,华坪楠木村光伏发电站,50,云南省,丽江市,华坪县,楠木村,华坪楠木村光伏发电站,https://newenergy.in-en.com/html/newenergy-2450171.shtml,50MW,https://newenergy.in-en.com/html/newenergy-2450171.shtml,高,已完成
399,景洪大平掌光伏,景洪勐旺乡大平掌光伏发电站,110,云南省,西双版纳州,景洪市,勐旺乡,景洪勐旺乡大平掌光伏发电站,https://www.cpnn.com.cn/news/xny/202501/t20250110_1765926.html,110MW,https://www.cpnn.com.cn/news/xny/202501/t20250110_1765926.html,高,已完成
400,景洪曼戈龙光伏,景洪普文镇曼戈龙光伏发电站,75,云南省,西双版纳州,景洪市,普文镇,景洪普文镇曼戈龙光伏发电站,https://www.cpnn.com.cn/news/xny/202501/t20250110_1765926.html,75MW,https://www.cpnn.com.cn/news/xny/202501/t20250110_1765926.html,高,已完成
401,景洪云盘光伏,景洪普文镇云盘光伏发电站,65,云南省,西双版纳州,景洪市,普文镇,景洪普文镇云盘光伏发电站,https://www.cpnn.com.cn/news/xny/202501/t20250110_1765926.html,65MW,https://www.cpnn.com.cn/news/xny/202501/t20250110_1765926.html,高,已完成
402,景洪基诺乡光伏,景洪基诺乡光伏发电站,85,云南省,西双版纳州,景洪市,基诺乡,景洪基诺乡光伏发电站,https://guangfu.bjx.com.cn/news/20240205/1360313.shtml,85MW,https://guangfu.bjx.com.cn/news/20240205/1360313.shtml,高,已完成
403,勐海南弄光伏,勐海南弄光伏发电站,60,云南省,西双版纳州,勐海县,,勐海南弄光伏发电站,https://guangfu.bjx.com.cn/news/20230802/1323135.shtml,60MW,https://guangfu.bjx.com.cn/news/20230802/1323135.shtml,高,已完成
404,勐腊藤蔑山光伏,勐腊藤蔑山光伏发电站,150,云南省,西双版纳州,勐腊县,关累镇,勐腊藤蔑山光伏发电站,https://www.cpnn.com.cn/news/xny/202503/t20250313_1781523.html,150MW,https://www.cpnn.com.cn/news/xny/202503/t20250313_1781523.html,高,已完成
405,景洪亮塘大渡岗光伏,景洪亮塘大渡岗光伏发电站,335,云南省,西双版纳州,景洪市,,景洪亮塘大渡岗光伏发电站,https://thj.mysteel.com/a/24010808/2E9A0EEBB416ADD1.html,335MW,https://thj.mysteel.com/a/24010808/2E9A0EEBB416ADD1.html,高,已完成
406,景洪曼景缅光伏,景洪曼景缅光伏发电站,70,云南省,西双版纳州,景洪市,,景洪曼景缅光伏发电站,https://thj.mysteel.com/a/24010808/2E9A0EEBB416ADD1.html,70MW,https://thj.mysteel.com/a/24010808/2E9A0EEBB416ADD1.html,高,已完成
407,德钦纳古光伏,德钦纳古光伏发电站一期,100,云南省,迪庆州,德钦县,佛山乡,德钦纳古光伏发电站一期,http://www.news.cn/power/20241224/1d484918d70848ccb862e1fd4587ad00/c.html,100MW,http://www.news.cn/power/20241224/1d484918d70848ccb862e1fd4587ad00/c.html,高,已完成
408,香格里拉砌修塘光伏,香格里拉砌修塘光伏发电站一期,100,云南省,迪庆州,香格里拉市,格咱乡,香格里拉砌修塘光伏发电站一期,https://www.sohu.com/a/892908526_121613636,100MW,https://www.sohu.com/a/892908526_121613636,高,已完成
409,香格里拉机场分布式光伏,香格里拉机场屋顶分布式光伏发电站,1,云南省,迪庆州,香格里拉市,,香格里拉机场屋顶分布式光伏发电站,https://www.sohu.com/a/285067896_282553,1MW,https://www.sohu.com/a/285067896_282553,高,已完成
410,怒江老窝光伏,怒江老窝农光互补光伏发电站,40,云南省,怒江州,泸水市,老窝镇,怒江老窝农光互补光伏发电站,http://society.yunnan.cn/system/2022/12/05/032376467.shtml,40MW,http://society.yunnan.cn/system/2022/12/05/032376467.shtml,高,已完成
411,隆阳鱼塘光伏,隆阳鱼塘光伏发电站,100,云南省,保山市,隆阳区,,隆阳鱼塘光伏发电站,https://www.sohu.com/a/798942659_703050,100MW,https://www.sohu.com/a/798942659_703050,高,已完成
412,隆阳西邑东光伏,隆阳西邑东生态治理修复光伏发电站,62,云南省,保山市,隆阳区,,隆阳西邑东生态治理修复光伏发电站,https://solar.in-en.com/html/solar-2393065.shtml,62MW,https://solar.in-en.com/html/solar-2393065.shtml,高,已完成
413,隆阳黑岩洼光伏,隆阳黑岩洼光伏发电站,348,云南省,保山市,隆阳区,,隆阳黑岩洼光伏发电站,https://www.kesolar.com/headline/245403.html,348MW,https://www.kesolar.com/headline/245403.html,高,已完成
414,龙陵老寨子光伏,龙陵老寨子光伏发电站,48.4,云南省,保山市,龙陵县,,龙陵老寨子光伏发电站,https://www.sohu.com/a/798942659_703050,48.4MW,https://www.sohu.com/a/798942659_703050,高,已完成
415,龙陵小田坝光伏,龙陵小田坝光伏发电站,31.2,云南省,保山市,龙陵县,,龙陵小田坝光伏发电站,https://www.sohu.com/a/798942659_703050,31.2MW,https://www.sohu.com/a/798942659_703050,高,已完成
416,昌宁更戛茶光互补光伏,昌宁更戛茶光互补光伏发电站,50,云南省,保山市,昌宁县,,昌宁更戛茶光互补光伏发电站,https://www.sohu.com/a/798942659_703050,50MW,https://www.sohu.com/a/798942659_703050,高,已完成
417,昌宁勐统光伏,昌宁勐统光伏发电站,50,云南省,保山市,昌宁县,,昌宁勐统光伏发电站,https://www.sohu.com/a/798942659_703050,50MW,https://www.sohu.com/a/798942659_703050,高,已完成
418,施甸大秧田光伏,施甸大秧田光伏发电站,150,云南省,保山市,施甸县,,施甸大秧田光伏发电站,https://www.sohu.com/a/798942659_703050,150MW,https://www.sohu.com/a/798942659_703050,高,已完成
419,个旧背阴山尾矿库光伏,个旧背阴山尾矿库分布式光伏发电站,15,云南省,红河州,个旧市,老厂镇,个旧背阴山尾矿库分布式光伏发电站,https://www.sohu.com/a/881983137_122094388,15MW,https://www.sohu.com/a/881983137_122094388,高,已完成
420,镇康360MW光伏复合项目,镇康县忙丙乡光伏复合发电站,360,云南省,临沧市,镇康县,忙丙乡,镇康县忙丙乡光伏复合发电站,https://www.163.com/dy/article/IP4MJ34N05505AV7.html,360MW,https://www.163.com/dy/article/IP4MJ34N05505AV7.html,高,已完成
421,镇康80MW光伏,镇康县光伏发电站,80,云南省,临沧市,镇康县,,镇康县光伏发电站,https://so.html5.qq.com/page/real/search_news?docid=70000021_469621c9a9d72952,80MW,https://so.html5.qq.com/page/real/search_news?docid=70000021_469621c9a9d72952,高,已完成
422,耿马四排山光伏,耿马四排山光伏发电站,100,云南省,临沧市,耿马县,,耿马四排山光伏发电站,https://www.163.com/dy/article/IN6RDOLB0530QRMB.html,100MW,https://www.163.com/dy/article/IN6RDOLB0530QRMB.html,高,已完成
423,沧源班列茶光互补光伏,沧源班列茶光互补光伏发电站,495,云南省,临沧市,沧源县,,沧源班列茶光互补光伏发电站,https://www.163.com/dy/article/JEDJVQPG0511CVT1.html,495MW,https://www.163.com/dy/article/JEDJVQPG0511CVT1.html,高,已完成
423,沧源光伏项目群,沧源县495MW光伏项目群,495,云南省,临沧市,沧源县,,沧源县495MW光伏项目群,https://www.163.com/dy/article/JEDJVQPG0511CVT1.html,495MW,https://www.163.com/dy/article/JEDJVQPG0511CVT1.html,高,已完成
